"symbol";"date";"open";"high";"low";"close";"volume";"adjusted"
"AALR3.SA";2021-11-01;14,96;14,99;14,63;14,7;391900;14,7
"AALR3.SA";2021-11-03;14,69;14,9;14,43;14,79;700600;14,79
"AALR3.SA";2021-11-04;14,82;15,28;14,71;15,15;690200;15,15
"ABCB4.SA";2021-11-01;15,44;15,46;15,04;15,15;987200;15,15
"ABCB4.SA";2021-11-03;15,09;15,86;14,98;15,78;944900;15,78
"ABCB4.SA";2021-11-04;15,8;16,16;15,35;15,99;1342600;15,99
"ABEV3.SA";2021-11-01;17,129999;17,540001;16,969999;17,360001;39314900;17,360001
"ABEV3.SA";2021-11-03;17,200001;18,1;17,200001;17,83;42222400;17,83
"ABEV3.SA";2021-11-04;17,82;17,98;17,65;17,879999;19997300;17,879999
"AERI3.SA";2021-11-01;7,87;8,05;7,81;8;1213600;8
"AERI3.SA";2021-11-03;7,9;8,28;7,85;7,95;2498700;7,95
"AERI3.SA";2021-11-04;7,92;8,25;7,84;7,9;1436000;7,9
"AESB3.SA";2021-11-01;11,03;11,1;10,9;10,97;1409200;10,97
"AESB3.SA";2021-11-03;10,97;11,71;10,94;11,57;2155600;11,57
"AESB3.SA";2021-11-04;11,69;11,75;11,11;11,15;1854000;11,15
"AFLT3.SA";2021-11-01;8,65;8,65;8,65;8,65;700;8,65
"AFLT3.SA";2021-11-03;8,65;8,65;8,65;8,65;100;8,65
"AFLT3.SA";2021-11-04;8,67;8,69;8,67;8,69;200;8,69
"AGRO3.SA";2021-11-01;25,450001;25,780001;25,209999;25,360001;777000;25,360001
"AGRO3.SA";2021-11-03;25,32;26,059999;25;26,030001;868100;26,030001
"AGRO3.SA";2021-11-04;26,139999;26,209999;24,92;25,379999;1085400;25,379999
"AGXY3.SA";2021-11-01;7,2;7,78;7,2;7,4;8100;7,4
"AGXY3.SA";2021-11-03;7,36;7,79;7,31;7,79;17800;7,79
"AGXY3.SA";2021-11-04;8,15;8,2;7,38;7,6;45200;7,6
"AHEB3.SA";2021-11-01;25,01;25,01;25,01;25,01;0;25,01
"AHEB3.SA";2021-11-03;25,01;25,01;25,01;25,01;200;25,01
"AHEB3.SA";2021-11-04;26;26;26;26;100;26
"AHEB5.SA";2021-11-01;18;18;18;18;0;18
"AHEB5.SA";2021-11-03;20;20;20;20;200;20
"AHEB5.SA";2021-11-04;20;20;20;20;0;20
"AHEB6.SA";2021-11-01;51,5;51,5;51,5;51,5;0;51,5
"AHEB6.SA";2021-11-03;51,5;51,5;51,5;51,5;0;51,5
"AHEB6.SA";2021-11-04;51,5;51,5;51,5;51,5;0;51,5
"ALLD3.SA";2021-11-01;15,71;17,41;15,71;17,16;376400;17,16
"ALLD3.SA";2021-11-03;17,299999;17,5;16,209999;17,35;397600;17,35
"ALLD3.SA";2021-11-04;17,84;17,84;16,84;17,209999;362100;17,209999
"ALPA3.SA";2021-11-01;33,790001;34,650002;33,779999;34,43;1700;34,192589
"ALPA3.SA";2021-11-03;35;35,990002;34,889999;35,849998;2300;35,602795
"ALPA3.SA";2021-11-04;35,529999;35,529999;33,810001;34,610001;2100;34,610001
"ALPA4.SA";2021-11-01;39;40,080002;38,43;38,720001;3531200;38,462761
"ALPA4.SA";2021-11-03;39,049999;41,360001;38,560001;40,93;4089300;40,658077
"ALPA4.SA";2021-11-04;40,16;41,099998;39,439999;40,130001;2759700;40,130001
"ALPK3.SA";2021-11-01;5;5,09;4,85;4,85;35300;4,85
"ALPK3.SA";2021-11-03;4,78;4,85;4,7;4,7;23700;4,7
"ALPK3.SA";2021-11-04;4,71;4,8;4,63;4,68;24900;4,68
"ALSO3.SA";2021-11-01;19,389999;20,190001;19,33;19,85;873600;19,85
"ALSO3.SA";2021-11-03;19,68;20,85;19,620001;20,639999;1488600;20,639999
"ALSO3.SA";2021-11-04;20,610001;20,889999;20;20,27;1154900;20,27
"ALUP11.SA";2021-11-01;24,02;24,43;23,879999;24,23;847000;24,23
"ALUP11.SA";2021-11-03;24,02;24,870001;24,02;24,719999;897800;24,719999
"ALUP11.SA";2021-11-04;24,51;25,190001;24,18;24,360001;1117400;24,360001
"ALUP3.SA";2021-11-01;7,86;8,06;7,86;8;8600;8
"ALUP3.SA";2021-11-03;7,95;8,16;7,94;8,16;7800;8,16
"ALUP3.SA";2021-11-04;8,1;8,27;7,86;7,86;20500;7,86
"ALUP4.SA";2021-11-01;8;8,3;8;8,3;8800;8,3
"ALUP4.SA";2021-11-03;8,26;8,35;8,07;8,25;13000;8,25
"ALUP4.SA";2021-11-04;8,25;8,45;8,09;8,11;14900;8,11
"AMAR3.SA";2021-11-01;4,17;4,4;4,16;4,37;3920400;4,37
"AMAR3.SA";2021-11-03;4,32;4,73;4,29;4,68;7983000;4,68
"AMAR3.SA";2021-11-04;4,63;4,82;4,48;4,51;6002800;4,51
"AMBP3.SA";2021-11-01;38,099998;38,380001;36,98;37,860001;994000;37,860001
"AMBP3.SA";2021-11-03;37,860001;40,040001;37,439999;39,84;1119400;39,84
"AMBP3.SA";2021-11-04;39,860001;40,259998;38,41;38,639999;779000;38,639999
"AMER3.SA";2021-11-01;30,26;32,09;29,799999;31,219999;5145700;31,219999
"AMER3.SA";2021-11-03;30,610001;33,540001;30,4;33,27;10733500;33,27
"AMER3.SA";2021-11-04;33,119999;34,799999;32,16;32,790001;6382500;32,790001
"ANIM3.SA";2021-11-01;6,73;7,07;6,65;6,91;1777200;6,91
"ANIM3.SA";2021-11-03;6,92;7,31;6,88;7,05;3855500;7,05
"ANIM3.SA";2021-11-04;6,95;7,12;6,71;6,79;3597600;6,79
"APER3.SA";2021-11-01;36,130001;36,130001;33,540001;34,099998;44100;34,099998
"APER3.SA";2021-11-03;33,880001;35,43;33,5;34,02;42300;34,02
"APER3.SA";2021-11-04;34,02;34,810001;33,970001;34,720001;25100;34,720001
"ARML3.SA";2021-11-01;20,16;20,93;19,59;20,629999;510300;20,629999
"ARML3.SA";2021-11-03;20,719999;22,379999;20,719999;21,879999;565200;21,879999
"ARML3.SA";2021-11-04;21,9;25,219999;21,9;24,51;976500;24,51
"ARZZ3.SA";2021-11-01;75,089996;77,919998;75,080002;76,010002;838800;76,010002
"ARZZ3.SA";2021-11-03;76,080002;81,730003;75,300003;80,059998;1862400;80,059998
"ARZZ3.SA";2021-11-04;81;82,93;78,410004;79,599998;1853900;79,599998
"ASAI3.SA";2021-11-01;15,45;15,46;14,86;14,98;10277500;14,98
"ASAI3.SA";2021-11-03;14,8;15,56;14,73;15,43;21906500;15,43
"ASAI3.SA";2021-11-04;15,38;15,42;14,97;15,2;4262500;15,2
"ATOM3.SA";2021-11-01;4,01;4,01;3,85;3,99;9500;3,99
"ATOM3.SA";2021-11-03;4,04;4,12;3,93;3,93;7800;3,93
"ATOM3.SA";2021-11-04;3,93;3,93;3,82;3,82;17900;3,82
"AURA33.SA";2021-11-01;53,150002;54,82;53,150002;54,099998;43563;54,099998
"AURA33.SA";2021-11-03;54,09;54,09;52,59;52,779999;75347;52,779999
"AURA33.SA";2021-11-04;51,68;52,27;48,580002;49,220001;230449;49,220001
"AVLL3.SA";2021-11-01;31,15;31,15;31,15;31,15;200;31,15
"AVLL3.SA";2021-11-03;31,700001;31,700001;31,690001;31,690001;200;31,690001
"AVLL3.SA";2021-11-04;31,700001;31,700001;31,59;31,59;3200;31,59
"AZEV3.SA";2021-11-01;4,05;4,15;3,93;4,12;145600;4,12
"AZEV3.SA";2021-11-03;4,15;4,18;3,96;4,14;189000;4,14
"AZEV3.SA";2021-11-04;4,24;4,38;4;4;171600;4
"AZEV4.SA";2021-11-01;2,91;3,21;2,91;3,2;857400;3,2
"AZEV4.SA";2021-11-03;3,2;3,38;3,15;3,34;553900;3,34
"AZEV4.SA";2021-11-04;3,35;3,44;3,16;3,17;424500;3,17
"AZUL4.SA";2021-11-01;25,4;27,32;25,23;27,1;10838900;27,1
"AZUL4.SA";2021-11-03;27,059999;28,27;26,52;27,700001;10178300;27,700001
"AZUL4.SA";2021-11-04;27,5;27,559999;25,9;26,23;8450900;26,23
"B3SA3.SA";2021-11-01;11,95;12,15;11,87;11,98;23616800;11,98
"B3SA3.SA";2021-11-03;11,96;12,15;11,63;12;60895800;12
"B3SA3.SA";2021-11-04;11,92;12,02;11,77;11,94;25384000;11,94
"BAHI3.SA";2021-11-01;13,59;14,44;13,59;14,35;500;14,35
"BAHI3.SA";2021-11-03;14;14;14;14;100;14
"BAHI3.SA";2021-11-04;13,22;13,38;13,22;13,38;900;13,38
"BALM3.SA";2021-11-01;15,8;15,8;15,8;15,8;0;15,8
"BALM3.SA";2021-11-03;15,8;15,8;15,8;15,8;0;15,8
"BALM3.SA";2021-11-04;15,8;15,8;15,8;15,8;0;15,8
"BALM4.SA";2021-11-01;15;15;13,46;13,46;2800;13,46
"BALM4.SA";2021-11-03;13,5;13,8;13,48;13,49;900;13,49
"BALM4.SA";2021-11-04;13,49;13,49;13,49;13,49;100;13,49
"BAUH3.SA";2021-11-01;5;5;5;5;0;5
"BAUH3.SA";2021-11-02;NA;NA;NA;NA;NA;NA
"BAUH3.SA";2021-11-03;5;5;5;5;0;5
"BAUH3.SA";2021-11-04;5;5;5;5;0;5
"BAUH4.SA";2021-11-01;84,129997;85;84,120003;85;800;85
"BAUH4.SA";2021-11-03;85,5;85,5;80,029999;81,970001;1400;81,970001
"BAUH4.SA";2021-11-04;79,260002;81,010002;79,260002;81,010002;600;81,010002
"BAZA3.SA";2021-11-01;38,5;38,5;38,5;38,5;300;38,5
"BAZA3.SA";2021-11-03;37,060001;38,439999;37;38,439999;500;38,439999
"BAZA3.SA";2021-11-04;38,439999;38,439999;38,439999;38,439999;0;38,439999
"BBAS3.SA";2021-11-01;28,959999;29,59;28,82;29,15;8792100;29,15
"BBAS3.SA";2021-11-03;29,049999;29,84;28,92;29,34;11083200;29,34
"BBAS3.SA";2021-11-04;29,389999;29,52;28,469999;28,65;11066100;28,65
"BBDC3.SA";2021-11-01;17,18;17,700001;17,15;17,549999;6242800;17,532751
"BBDC3.SA";2021-11-03;17,35;17,780001;17,299999;17,49;10456500;17,49
"BBDC3.SA";2021-11-04;17,51;17,67;16,48;16,540001;12768800;16,540001
"BBDC4.SA";2021-11-01;20,24;20,73;20,09;20,59;27856400;20,571026
"BBDC4.SA";2021-11-03;20,389999;20,809999;20,209999;20,4;45904500;20,4
"BBDC4.SA";2021-11-04;20,51;20,6;19,049999;19,049999;71570700;19,049999
"BBRK3.SA";2021-11-01;1,4;1,42;1,36;1,39;1704900;1,39
"BBRK3.SA";2021-11-03;1,39;1,58;1,37;1,58;3962000;1,58
"BBRK3.SA";2021-11-04;1,56;1,62;1,51;1,51;2056800;1,51
"BBSE3.SA";2021-11-01;22,389999;22,459999;22,02;22,049999;3743100;22,049999
"BBSE3.SA";2021-11-03;22;22,690001;22;22,610001;7400100;22,610001
"BBSE3.SA";2021-11-04;22,6;22,85;22,299999;22,639999;4141900;22,639999
"BDLL3.SA";2021-11-01;9,92;9,92;9,92;9,92;100;9,92
"BDLL3.SA";2021-11-03;9,91;10;9,91;10;2300;10
"BDLL3.SA";2021-11-04;10;10,11;10;10,11;900;10,11
"BDLL4.SA";2021-11-01;10,28;10,4;10;10,4;700;10,4
"BDLL4.SA";2021-11-03;10,8;10,8;10,8;10,8;100;10,8
"BDLL4.SA";2021-11-04;10,8;10,8;10,8;10,8;0;10,8
"BEEF3.SA";2021-11-01;9,84;9,98;9,57;9,79;12564900;9,79
"BEEF3.SA";2021-11-03;9,76;10,17;9,67;10,05;9821200;10,05
"BEEF3.SA";2021-11-04;10,09;10,49;10,01;10,42;11167200;10,42
"BEES3.SA";2021-11-01;4,82;4,86;4,82;4,82;9200;4,82
"BEES3.SA";2021-11-03;4,81;4,94;4,8;4,81;14000;4,81
"BEES3.SA";2021-11-04;4,8;4,86;4,79;4,79;12100;4,79
"BEES4.SA";2021-11-01;5,8;5,83;5,8;5,83;2600;5,83
"BEES4.SA";2021-11-03;5,79;5,82;5,79;5,79;4000;5,79
"BEES4.SA";2021-11-04;5,8;5,83;5,65;5,65;2600;5,65
"BGIP3.SA";2021-11-01;32;32;32;32;0;32
"BGIP3.SA";2021-11-03;31,1;31,1;31,1;31,1;100;31,1
"BGIP3.SA";2021-11-04;31,1;31,1;31,1;31,1;0;31,1
"BGIP4.SA";2021-11-01;22,5;22,5;22,5;22,5;0;22,5
"BGIP4.SA";2021-11-03;22,5;22,5;22,5;22,5;100;22,5
"BGIP4.SA";2021-11-04;22,5;22,5;22,5;22,5;0;22,5
"BIDI11.SA";2021-11-01;36,34;43,09;36,200001;42,310001;13626300;42,310001
"BIDI11.SA";2021-11-03;44,040001;46,619999;41,84;44,580002;13309500;44,580002
"BIDI11.SA";2021-11-04;43,939999;45,869999;42,52;43,400002;8965900;43,400002
"BIDI3.SA";2021-11-01;11,72;13,83;11,64;13,54;1966000;13,54
"BIDI3.SA";2021-11-03;13,55;14,9;13,47;14,45;3240800;14,45
"BIDI3.SA";2021-11-04;14,55;14,87;13,83;14,29;1692300;14,29
"BIDI4.SA";2021-11-01;12,44;14,72;12,36;14,48;12816000;14,48
"BIDI4.SA";2021-11-03;14,85;15,72;14,2;15,12;13881000;15,12
"BIDI4.SA";2021-11-04;14,97;15,55;14,33;14,57;8590200;14,57
"BIOM3.SA";2021-11-01;13,99;13,99;13,77;13,95;700;13,95
"BIOM3.SA";2021-11-03;13,99;14;13,31;13,46;6200;13,46
"BIOM3.SA";2021-11-04;13,72;14;13,72;13,86;1700;13,86
"BKBR3.SA";2021-11-01;7,05;7,55;7,03;7,45;3143300;7,45
"BKBR3.SA";2021-11-03;7,41;7,7;7,27;7,35;4503900;7,35
"BKBR3.SA";2021-11-04;7,35;7,69;7,23;7,53;3557900;7,53
"BLAU3.SA";2021-11-01;38,5;38,5;36,16;37,880001;379100;37,880001
"BLAU3.SA";2021-11-03;37,639999;38,990002;37,029999;38,299999;326400;38,299999
"BLAU3.SA";2021-11-04;37,700001;37,740002;35,610001;35,990002;556500;35,990002
"BMEB3.SA";2021-11-01;21,01;21,26;21,01;21,26;200;21,26
"BMEB3.SA";2021-11-03;21,26;21,26;21,26;21,26;0;21,26
"BMEB3.SA";2021-11-04;20,98;20,98;20,98;20,98;100;20,98
"BMEB4.SA";2021-11-01;18,75;18,75;18,110001;18,5;600;18,5
"BMEB4.SA";2021-11-03;18,5;18,5;18,5;18,5;1100;18,5
"BMEB4.SA";2021-11-04;18,5;18,5;18,5;18,5;1700;18,5
"BMGB4.SA";2021-11-01;3,09;3,43;3,09;3,43;2001200;3,43
"BMGB4.SA";2021-11-03;3,36;3,55;3,35;3,35;2129800;3,35
"BMGB4.SA";2021-11-04;3,36;3,41;3,22;3,22;1438000;3,22
"BMIN3.SA";2021-11-01;19,700001;19,700001;19,700001;19,700001;0;19,700001
"BMIN3.SA";2021-11-03;20,5;20,5;20,5;20,5;200;20,5
"BMIN3.SA";2021-11-04;20,5;20,5;20,5;20,5;0;20,5
"BMIN4.SA";2021-11-01;18,65;18,65;18,65;18,65;300;18,65
"BMIN4.SA";2021-11-03;18,65;18,65;18,65;18,65;0;18,65
"BMIN4.SA";2021-11-04;18,639999;18,639999;17,6;17,6;1700;17,6
"BMKS3.SA";2021-11-01;230,5;230,5;227;227;10;227
"BMKS3.SA";2021-11-03;227,5;232;227,009995;232;51;232
"BMKS3.SA";2021-11-04;232;232;232;232;0;232
"BMOB3.SA";2021-11-01;13,04;13,95;12,93;13,81;1045100;13,81
"BMOB3.SA";2021-11-03;13,72;14,74;13,37;14,47;1430800;14,47
"BMOB3.SA";2021-11-04;14,42;14,66;13,77;13,94;1171000;13,94
"BNBR3.SA";2021-11-01;70,099998;70,5;69,550003;69,550003;700;69,550003
"BNBR3.SA";2021-11-03;67,989998;68;67,989998;68;1100;68
"BNBR3.SA";2021-11-04;68;68;68;68;0;68
"BOAS3.SA";2021-11-01;9,23;9,45;9,22;9,29;440500;9,29
"BOAS3.SA";2021-11-03;9,3;9,53;9,1;9,18;1355300;9,18
"BOAS3.SA";2021-11-04;9,22;9,25;8,74;8,95;969700;8,95
"BOBR3.SA";2021-11-01;1;1;1;1;0;1
"BOBR3.SA";2021-11-03;1;1;1;1;0;1
"BOBR3.SA";2021-11-04;1;1;1;1;0;1
"BOBR4.SA";2021-11-01;1,8;1,85;1,8;1,8;66300;1,8
"BOBR4.SA";2021-11-03;1,8;1,8;1,77;1,78;113200;1,78
"BOBR4.SA";2021-11-04;1,78;1,79;1,72;1,75;50700;1,75
"BPAC11.SA";2021-11-01;23,139999;23,9;23,040001;23,59;13071500;23,59
"BPAC11.SA";2021-11-03;23,440001;24,33;23,209999;23,82;12498700;23,82
"BPAC11.SA";2021-11-04;23,75;23,959999;23,08;23,389999;8885700;23,389999
"BPAC3.SA";2021-11-01;13,95;15;13,95;14,31;6900;14,31
"BPAC3.SA";2021-11-03;14,42;15,01;14,25;15,01;15000;15,01
"BPAC3.SA";2021-11-04;15,19;15,19;14,65;14,87;8200;14,87
"BPAC5.SA";2021-11-01;5,63;5,77;5,6;5,76;4000;5,76
"BPAC5.SA";2021-11-03;5,52;5,71;5,43;5,53;12700;5,53
"BPAC5.SA";2021-11-04;5,51;5,7;5,36;5,47;22400;5,47
"BPAN4.SA";2021-11-01;13,51;14,16;13,35;14,05;4182900;14,05
"BPAN4.SA";2021-11-03;14,19;14,41;13,25;13,96;11091600;13,96
"BPAN4.SA";2021-11-04;13,9;13,9;12,77;12,88;8167600;12,88
"BPHA3.SA";2021-11-01;0,62;0,62;0,62;0,62;0;0,62
"BPHA3.SA";2021-11-03;0,62;0,62;0,62;0,62;0;0,62
"BPHA3.SA";2021-11-04;0,62;0,62;0,62;0,62;0;0,62
"BRAP3.SA";2021-11-01;47,82;47,830002;45,529999;46,889999;220700;46,889999
"BRAP3.SA";2021-11-03;46,330002;46,330002;43,119999;44;341700;44
"BRAP3.SA";2021-11-04;43,860001;44,049999;42,799999;43,400002;271600;43,400002
"BRAP4.SA";2021-11-01;49,810001;50,299999;48,619999;50;3528600;50
"BRAP4.SA";2021-11-03;49,040001;49,139999;46,23;46,23;5332800;46,23
"BRAP4.SA";2021-11-04;46,279999;46,849998;45,630001;45,939999;3384800;45,939999
"BRBI11.SA";2021-11-01;16,98;17,280001;16,57;16,9;92200;16,9
"BRBI11.SA";2021-11-03;16,9;17,969999;16,52;17,200001;132500;17,200001
"BRBI11.SA";2021-11-04;17,309999;18;16,59;16,59;101100;16,59
"BRFS3.SA";2021-11-01;23,42;23,5;22,700001;23,1;5478800;23,1
"BRFS3.SA";2021-11-03;23,190001;24,23;22,66;23,83;9287600;23,83
"BRFS3.SA";2021-11-04;23,799999;24,1;23,219999;23,280001;5270200;23,280001
"BRGE11.SA";2021-11-01;8,61;8,61;8,61;8,61;0;8,61
"BRGE11.SA";2021-11-03;8,61;8,61;8,61;8,61;0;8,61
"BRGE11.SA";2021-11-04;8,61;8,61;8,61;8,61;0;8,61
"BRGE12.SA";2021-11-01;6,94;6,94;6,94;6,94;0;6,94
"BRGE12.SA";2021-11-03;6,94;6,94;6,94;6,94;0;6,94
"BRGE12.SA";2021-11-04;6,94;6,94;6,94;6,94;100;6,94
"BRGE5.SA";2021-11-01;10,41;10,41;10,41;10,41;0;10,41
"BRGE5.SA";2021-11-03;10,41;10,41;10,41;10,41;0;10,41
"BRGE5.SA";2021-11-04;10,41;10,41;10,41;10,41;0;10,41
"BRGE6.SA";2021-11-01;12,99;12,99;12,99;12,99;0;12,99
"BRGE6.SA";2021-11-03;12,99;12,99;12,99;12,99;0;12,99
"BRGE6.SA";2021-11-04;12,99;12,99;12,99;12,99;0;12,99
"BRGE8.SA";2021-11-01;9,99;9,99;9,99;9,99;0;9,99
"BRGE8.SA";2021-11-03;9,99;9,99;9,99;9,99;0;9,99
"BRGE8.SA";2021-11-04;9,99;9,99;9,99;9,99;0;9,99
"BRIT3.SA";2021-11-01;7,82;8;7,35;7,5;366600;7,5
"BRIT3.SA";2021-11-03;7,5;7,94;7,26;7,6;539800;7,6
"BRIT3.SA";2021-11-04;7,67;8,34;6,42;7,73;2129200;7,73
"BRIV3.SA";2021-11-01;9,2;9,2;9,2;9,2;0;9,2
"BRIV3.SA";2021-11-03;9,2;9,2;9,2;9,2;0;9,2
"BRIV3.SA";2021-11-04;9,2;9,2;9,2;9,2;0;9,2
"BRIV4.SA";2021-11-01;8,5;8,5;8,5;8,5;500;8,5
"BRIV4.SA";2021-11-03;8,5;8,5;8,5;8,5;500;8,5
"BRIV4.SA";2021-11-04;8,3;8,31;8,3;8,3;400;8,3
"BRKM3.SA";2021-11-01;51,299999;52;50,200001;50,380001;5700;50,380001
"BRKM3.SA";2021-11-03;50;51,5;49,790001;51,5;2400;51,5
"BRKM3.SA";2021-11-04;51,5;52,060001;49,439999;49,650002;1600;49,650002
"BRKM5.SA";2021-11-01;55,139999;55,139999;53,169998;53,650002;2651100;53,650002
"BRKM5.SA";2021-11-03;53,599998;54,880001;52,220001;54,119999;2833800;54,119999
"BRKM5.SA";2021-11-04;54,110001;56,009998;52,540001;53,23;1803900;53,23
"BRKM6.SA";2021-11-01;36;36;36;36;0;36
"BRKM6.SA";2021-11-03;36;36;36;36;0;36
"BRKM6.SA";2021-11-04;36;36;36;36;0;36
"BRML3.SA";2021-11-01;7,27;7,55;7,24;7,46;24314200;7,46
"BRML3.SA";2021-11-03;7,41;7,81;7,37;7,72;28177000;7,72
"BRML3.SA";2021-11-04;7,69;7,84;7,51;7,65;15160600;7,65
"BRPR3.SA";2021-11-01;7,28;7,56;7,22;7,46;1111700;7,46
"BRPR3.SA";2021-11-03;7,45;7,91;7,37;7,82;1457900;7,82
"BRPR3.SA";2021-11-04;7,84;8,01;7,7;7,81;1748500;7,81
"BRSR3.SA";2021-11-01;12,41;12,89;12,41;12,48;3900;12,48
"BRSR3.SA";2021-11-03;12,54;13,25;11,96;12,65;35400;12,65
"BRSR3.SA";2021-11-04;12,53;12,59;12,18;12,3;3200;12,3
"BRSR5.SA";2021-11-01;17,6;17,6;17,6;17,6;0;17,6
"BRSR5.SA";2021-11-03;17,6;17,6;17,6;17,6;0;17,6
"BRSR5.SA";2021-11-04;17,59;17,59;17,59;17,59;100;17,59
"BRSR6.SA";2021-11-01;11,06;11,45;11;11,37;2973200;11,37
"BRSR6.SA";2021-11-03;11,28;11,66;11,22;11,48;2919000;11,48
"BRSR6.SA";2021-11-04;11,48;11,55;11,1;11,19;1773900;11,19
"BSLI3.SA";2021-11-01;26;26;26;26;0;26
"BSLI3.SA";2021-11-03;26;26;26;26;300;26
"BSLI3.SA";2021-11-04;26;26;26;26;0;26
"BSLI4.SA";2021-11-01;17,76;17,76;16,18;16,889999;400;16,889999
"BSLI4.SA";2021-11-03;17;17;16,01;17;600;17
"BSLI4.SA";2021-11-04;16,15;16,15;16,15;16,15;300;16,15
"CALI4.SA";2021-11-01;50;50;50;50;0;50
"CALI4.SA";2021-11-03;50;50;50;50;0;50
"CALI4.SA";2021-11-04;50;50;50;50;0;50
"CAMB3.SA";2021-11-01;4,55;4,9;4,55;4,7;47900;4,7
"CAMB3.SA";2021-11-03;4,78;4,88;4,59;4,69;17100;4,69
"CAMB3.SA";2021-11-04;4,78;4,78;4,55;4,64;16700;4,64
"CAML3.SA";2021-11-01;9,79;9,84;9,64;9,76;1244100;9,76
"CAML3.SA";2021-11-03;9,72;10,33;9,71;10,24;4458700;10,24
"CAML3.SA";2021-11-04;10,23;10,7;10,23;10,5;2483400;10,5
"CARD3.SA";2021-11-01;16,879999;17,59;16,879999;17,59;168700;17,59
"CARD3.SA";2021-11-03;17,58;18,219999;17,290001;17,719999;297600;17,719999
"CARD3.SA";2021-11-04;17,73;17,98;16,690001;17,09;353700;17,09
"CASH3.SA";2021-11-01;3,35;3,68;3,34;3,66;47887400;3,66
"CASH3.SA";2021-11-03;3,6;3,81;3,43;3,66;56658200;3,66
"CASH3.SA";2021-11-04;3,61;3,86;3,51;3,58;35807000;3,58
"CASN3.SA";2021-11-01;13,84211;13,84211;13,84211;13,84211;0;13,84211
"CASN3.SA";2021-11-03;13,84211;13,84211;13,84211;13,84211;0;13,84211
"CASN3.SA";2021-11-04;13,84211;13,84211;13,84211;13,84211;0;13,84211
"CASN4.SA";2021-11-01;8,27455;8,27455;8,27455;8,27455;0;8,27455
"CASN4.SA";2021-11-03;8,27455;8,27455;8,27455;8,27455;0;8,27455
"CASN4.SA";2021-11-04;8,27455;8,27455;8,27455;8,27455;0;8,27455
"CBAV3.SA";2021-11-01;12,96;12,96;12,15;12,55;1340300;12,55
"CBAV3.SA";2021-11-03;12,48;13,3;12,31;13,23;2394400;13,23
"CBAV3.SA";2021-11-04;13,26;13,4;12,34;12,5;3528600;12,5
"CBEE3.SA";2021-11-01;23;23;23;23;100;23
"CBEE3.SA";2021-11-03;23;23;23;23;0;23
"CBEE3.SA";2021-11-04;23;23;23;23;0;23
"CCPR3.SA";2021-11-01;13;13,5;12,58;13,21;541300;13,21
"CCPR3.SA";2021-11-03;13,07;14,13;13,07;13,75;834100;13,75
"CCPR3.SA";2021-11-04;13,71;13,96;13,31;13,71;534900;13,71
"CCRO3.SA";2021-11-01;11,66;11,73;11,1;11,11;20885500;11,11
"CCRO3.SA";2021-11-03;11,01;11,63;10,99;11,49;15842400;11,49
"CCRO3.SA";2021-11-04;11,42;11,61;11,31;11,49;7170600;11,49
"CEAB3.SA";2021-11-01;6,13;6,79;6,09;6,71;4387800;6,71
"CEAB3.SA";2021-11-03;6,73;7,16;6,7;6,96;7130600;6,96
"CEAB3.SA";2021-11-04;6,92;7,25;6,81;6,96;4724100;6,96
"CEBR3.SA";2021-11-01;20,01;20,299999;19,799999;19,799999;4700;19,799999
"CEBR3.SA";2021-11-03;19,969999;19,98;19,110001;19,33;1600;19,33
"CEBR3.SA";2021-11-04;19,200001;19,200001;17,49;17,49;3300;17,49
"CEBR5.SA";2021-11-01;20,299999;20,799999;19,5;19,5;2300;19,5
"CEBR5.SA";2021-11-03;19,299999;19,799999;18,889999;18,889999;600;18,889999
"CEBR5.SA";2021-11-04;19;19;17,77;17,77;2300;17,77
"CEDO3.SA";2021-11-01;7,2;7,39;7;7,39;800;7,39
"CEDO3.SA";2021-11-03;7,01;7,37;7,01;7,37;300;7,37
"CEDO3.SA";2021-11-04;7,37;7,37;7,37;7,37;0;7,37
"CEDO4.SA";2021-11-01;6,12;6,12;6,12;6,12;0;6,12
"CEDO4.SA";2021-11-03;6,02;6,17;5,94;6,15;2200;6,15
"CEDO4.SA";2021-11-04;6,18;6,18;6;6;1300;6
"CEEB3.SA";2021-11-01;35,5;35,5;35,5;35,5;0;35,5
"CEEB3.SA";2021-11-03;33;35,5;33;35,5;300;35,5
"CEEB3.SA";2021-11-04;35,5;35,5;35,5;35,5;0;35,5
"CEEB5.SA";2021-11-01;39;39;39;39;0;39
"CEEB5.SA";2021-11-03;39;39;39;39;0;39
"CEEB5.SA";2021-11-04;39;39;39;39;0;39
"CEED3.SA";2021-11-01;42;42;42;42;0;42
"CEED3.SA";2021-11-03;42;42;42;42;0;42
"CEED3.SA";2021-11-04;42;42;42;42;0;42
"CEED4.SA";2021-11-01;55,799999;55,799999;55,799999;55,799999;0;55,799999
"CEED4.SA";2021-11-03;55,799999;55,799999;55,799999;55,799999;0;55,799999
"CEED4.SA";2021-11-04;55,799999;55,799999;55,799999;55,799999;0;55,799999
"CEGR3.SA";2021-11-01;60;60;60;60;0;60
"CEGR3.SA";2021-11-03;60;60;60;60;0;60
"CEGR3.SA";2021-11-04;60;60;60;60;0;60
"CEPE3.SA";2021-11-01;128;128;128;128;0;128
"CEPE3.SA";2021-11-03;128;128;128;128;0;128
"CEPE3.SA";2021-11-04;128;128;128;128;0;128
"CEPE5.SA";2021-11-01;28,889999;28,889999;28,85;28,85;200;28,85
"CEPE5.SA";2021-11-03;28,85;28,85;28,85;28,85;0;28,85
"CEPE5.SA";2021-11-04;28,85;28,85;28,85;28,85;0;28,85
"CEPE6.SA";2021-11-01;28,049999;28,049999;28,049999;28,049999;0;28,049999
"CEPE6.SA";2021-11-03;28;28,01;28;28,01;200;28,01
"CEPE6.SA";2021-11-04;28,01;28,01;28,01;28,01;0;28,01
"CESP3.SA";2021-11-01;24,27;25;24,27;24,549999;4100;24,549999
"CESP3.SA";2021-11-03;24,530001;26;24,5;24,5;77400;24,5
"CESP3.SA";2021-11-04;24,9;24,9;24;24,02;4900;24,02
"CESP5.SA";2021-11-01;30,5;30,5;30,5;30,5;0;30,5
"CESP5.SA";2021-11-03;30,5;30,5;30,5;30,5;0;30,5
"CESP5.SA";2021-11-04;30,5;30,5;30,5;30,5;0;30,5
"CESP6.SA";2021-11-01;25,82;26,59;25,58;26,32;3167900;26,32
"CESP6.SA";2021-11-03;26,389999;26,99;26,23;26,65;2936800;26,65
"CESP6.SA";2021-11-04;26,51;26,620001;26,059999;26,33;1482900;26,33
"CGAS3.SA";2021-11-01;140;140;140;140;0;140
"CGAS3.SA";2021-11-03;140;140;140;140;0;140
"CGAS3.SA";2021-11-04;140;140;140;140;0;140
"CGAS5.SA";2021-11-01;145,009995;147;145,009995;145,800003;1900;145,800003
"CGAS5.SA";2021-11-03;145,100006;148,649994;143,339996;145,25;2100;145,25
"CGAS5.SA";2021-11-04;147,880005;147,880005;143,309998;143,309998;1100;143,309998
"CGRA3.SA";2021-11-01;45,009998;45,860001;45;45,860001;300;45,860001
"CGRA3.SA";2021-11-03;42,009998;43,98;41,5;41,5;1800;41,5
"CGRA3.SA";2021-11-04;41,59;41,59;40;40,990002;700;40,990002
"CIEL3.SA";2021-11-01;2,24;2,25;2,19;2,24;24210000;2,24
"CIEL3.SA";2021-11-03;2,22;2,35;2,22;2,32;34550500;2,32
"CIEL3.SA";2021-11-04;2,4;2,55;2,34;2,35;96660600;2,35
"CLSA3.SA";2021-11-01;17;17,99;16,51;17,76;509300;17,76
"CLSA3.SA";2021-11-03;17,559999;18,5;17,139999;18,360001;825300;18,360001
"CLSA3.SA";2021-11-04;18,1;18,82;17,709999;17,92;632400;17,92
"CLSC3.SA";2021-11-01;65;65;65;65;0;65
"CLSC3.SA";2021-11-03;65;65;65;65;500;65
"CLSC3.SA";2021-11-04;65;65;65;65;100;65
"CLSC4.SA";2021-11-01;67,199997;67,5;66,160004;66,160004;3600;66,160004
"CLSC4.SA";2021-11-03;65,82;66,449997;65,099998;65,5;4200;65,5
"CLSC4.SA";2021-11-04;64,779999;67,889999;64,75;67,5;43000;67,5
"CMIG3.SA";2021-11-01;16,76;17,23;16,67;17,059999;235000;17,059999
"CMIG3.SA";2021-11-03;17;17,51;16,82;17,23;740300;17,23
"CMIG3.SA";2021-11-04;17,299999;17,35;16,709999;16,879999;325000;16,879999
"CMIG4.SA";2021-11-01;12,89;13,27;12,8;13,03;13006700;13,03
"CMIG4.SA";2021-11-03;12,86;13,48;12,85;13,32;16094100;13,32
"CMIG4.SA";2021-11-04;13,33;13,36;12,91;13,04;8446600;13,04
"CMIN3.SA";2021-11-01;5,28;5,41;5,24;5,38;8884800;5,38
"CMIN3.SA";2021-11-03;5,32;5,36;5,15;5,21;12588900;5,21
"CMIN3.SA";2021-11-04;5,01;5,37;4,97;5,22;18334800;5,22
"COCE3.SA";2021-11-01;56,509998;56,509998;56,509998;56,509998;0;56,509998
"COCE3.SA";2021-11-03;56,509998;56,509998;56,509998;56,509998;0;56,509998
"COCE3.SA";2021-11-04;56,509998;56,509998;56,509998;56,509998;0;56,509998
"COCE5.SA";2021-11-01;51,299999;51,560001;50;50,799999;15200;50,799999
"COCE5.SA";2021-11-03;50,110001;52,259998;50,099998;51,560001;9800;51,560001
"COCE5.SA";2021-11-04;51,529999;51,790001;50,349998;51;5200;51
"COCE6.SA";2021-11-01;35;35;35;35;0;35
"COCE6.SA";2021-11-02;NA;NA;NA;NA;NA;NA
"COCE6.SA";2021-11-03;35;35;35;35;0;35
"COCE6.SA";2021-11-04;35;35;35;35;0;35
"COGN3.SA";2021-11-01;2,55;2,8;2,54;2,8;61381200;2,8
"COGN3.SA";2021-11-03;2,79;3,01;2,77;2,89;65894700;2,89
"COGN3.SA";2021-11-04;2,9;2,93;2,66;2,66;54173600;2,66
"CORR3.SA";2021-11-01;12;12;12;12;0;12
"CORR3.SA";2021-11-02;NA;NA;NA;NA;NA;NA
"CORR3.SA";2021-11-03;12;12;12;12;0;12
"CORR3.SA";2021-11-04;12;12;12;12;0;12
"CORR4.SA";2021-11-01;82;82;82;82;0;82
"CORR4.SA";2021-11-03;82;82;82;82;0;82
"CORR4.SA";2021-11-04;82;82;82;82;0;82
"CPFE3.SA";2021-11-01;26,57;26,57;25,940001;26,049999;2665500;26,049999
"CPFE3.SA";2021-11-03;25,98;26,879999;25,92;26,700001;3807800;26,700001
"CPFE3.SA";2021-11-04;26,700001;26,790001;26,18;26,57;3270900;26,57
"CPLE11.SA";2021-11-01;29,200001;29,5;28,950001;29,34;127100;29,34
"CPLE11.SA";2021-11-03;29,27;29,99;28,950001;29,84;517900;29,84
"CPLE11.SA";2021-11-04;29,940001;29,950001;29,110001;29,290001;218500;29,290001
"CPLE3.SA";2021-11-01;5,41;5,56;5,38;5,48;1254200;5,48
"CPLE3.SA";2021-11-03;5,47;5,63;5,42;5,59;2348700;5,59
"CPLE3.SA";2021-11-04;5,54;5,57;5,45;5,48;1495100;5,48
"CPLE5.SA";2021-11-01;39;39;39;39;100;39
"CPLE5.SA";2021-11-03;38,09;38,09;37;37;800;37
"CPLE5.SA";2021-11-04;37;37;37;37;0;37
"CPLE6.SA";2021-11-01;6,02;6,03;5,92;5,95;14791100;5,95
"CPLE6.SA";2021-11-03;5,92;6,14;5,9;6,09;21994400;6,09
"CPLE6.SA";2021-11-04;6,11;6,12;5,94;5,98;16920600;5,98
"CRDE3.SA";2021-11-01;20;20;20;20;100;20
"CRDE3.SA";2021-11-03;20;20;20;20;0;20
"CRDE3.SA";2021-11-04;20;20;20;20;0;20
"CRFB3.SA";2021-11-01;16,83;17,389999;16,76;17,280001;2721400;17,280001
"CRFB3.SA";2021-11-03;17,24;17,67;17,110001;17,309999;4245700;17,309999
"CRFB3.SA";2021-11-04;17,26;17,379999;16,66;16,969999;4362400;16,969999
"CRIV3.SA";2021-11-01;5,08;5,1;5,04;5,04;400;5,04
"CRIV3.SA";2021-11-03;5,04;5,04;5,04;5,04;0;5,04
"CRIV3.SA";2021-11-04;5;5;4,94;4,94;1200;4,94
"CRIV4.SA";2021-11-01;5,61;5,61;5,61;5,61;0;5,61
"CRIV4.SA";2021-11-03;5,62;5,62;5,61;5,61;300;5,61
"CRIV4.SA";2021-11-04;5,61;5,61;5,6;5,6;3200;5,6
"CRPG3.SA";2021-11-01;110,5;110,5;110,5;110,5;0;110,5
"CRPG3.SA";2021-11-03;110,5;110,5;110,5;110,5;0;110,5
"CRPG3.SA";2021-11-04;110,5;110,5;110,5;110,5;0;110,5
"CRPG5.SA";2021-11-01;90;90,559998;83,309998;86,5;54200;86,5
"CRPG5.SA";2021-11-03;85,959999;89,879997;84,040001;89,099998;24800;89,099998
"CRPG5.SA";2021-11-04;89;92;85,059998;87;23100;87
"CRPG6.SA";2021-11-01;110;110;110;110;0;110
"CRPG6.SA";2021-11-03;110;110;110;110;0;110
"CRPG6.SA";2021-11-04;103,989998;103,989998;103,989998;103,989998;400;103,989998
"CSAB3.SA";2021-11-01;65;65;65;65;0;65
"CSAB3.SA";2021-11-03;65;65;65;65;0;65
"CSAB3.SA";2021-11-04;65;65;65;65;0;65
"CSAB4.SA";2021-11-01;40,200001;40,200001;40,200001;40,200001;0;40,200001
"CSAB4.SA";2021-11-03;40,200001;40,200001;40,200001;40,200001;0;40,200001
"CSAB4.SA";2021-11-04;40,200001;40,200001;40,200001;40,200001;0;40,200001
"CSAN3.SA";2021-11-01;20,049999;20,43;19,9;20,190001;7333000;20,190001
"CSAN3.SA";2021-11-03;19,9;20,73;19,790001;20,559999;10764800;20,559999
"CSAN3.SA";2021-11-04;20,459999;20,59;20,040001;20,23;5441200;20,23
"CSED3.SA";2021-11-01;6,2;6,27;5,88;6,19;1089600;6,19
"CSED3.SA";2021-11-03;6,19;6,65;5,98;6,65;1140800;6,65
"CSED3.SA";2021-11-04;6,6;6,6;6,21;6,36;997800;6,36
"CSMG3.SA";2021-11-01;13,8;14,07;13,62;14,04;1479700;14,04
"CSMG3.SA";2021-11-03;14;14,52;13,93;14,39;3119300;14,39
"CSMG3.SA";2021-11-04;13,97;14,02;12,64;12,67;8062500;12,67
"CSNA3.SA";2021-11-01;22,700001;23,469999;22,59;23,15;11536300;23,15
"CSNA3.SA";2021-11-03;22,700001;22,92;21,879999;22,09;17656500;22,09
"CSNA3.SA";2021-11-04;21,389999;22,290001;20,57;21,33;28049600;21,33
"CSRN3.SA";2021-11-01;17,24;17,24;17,24;17,24;0;17,24
"CSRN3.SA";2021-11-03;16,01;16,01;16;16;700;16
"CSRN3.SA";2021-11-04;17,200001;17,200001;16,799999;16,799999;500;16,799999
"CSRN5.SA";2021-11-01;17;17;17;17;0;17
"CSRN5.SA";2021-11-03;17;17;17;17;0;17
"CSRN5.SA";2021-11-04;15,32;15,32;15,32;15,32;400;15,32
"CSRN6.SA";2021-11-01;17,200001;17,200001;17,200001;17,200001;0;17,200001
"CSRN6.SA";2021-11-03;17,200001;17,200001;17,200001;17,200001;0;17,200001
"CSRN6.SA";2021-11-04;17,200001;17,200001;17,200001;17,200001;0;17,200001
"CTKA3.SA";2021-11-01;27;27;27;27;0;27
"CTKA3.SA";2021-11-03;27;27;27;27;0;27
"CTKA3.SA";2021-11-04;22,950001;22,950001;22,950001;22,950001;300;22,950001
"CTKA4.SA";2021-11-01;19,43;19,43;19,43;19,43;0;19,43
"CTKA4.SA";2021-11-03;19;19;18,99;19;300;19
"CTKA4.SA";2021-11-04;19;19;19;19;300;19
"CTNM3.SA";2021-11-01;9,19;9,19;9,19;9,19;0;9,19
"CTNM3.SA";2021-11-03;9,19;9,19;9,19;9,19;0;9,19
"CTNM3.SA";2021-11-04;9,1;9,1;9,1;9,1;200;9,1
"CTNM4.SA";2021-11-01;4,12;4,15;4,02;4,07;15600;4,07
"CTNM4.SA";2021-11-03;3,97;4,28;3,95;4,05;27600;4,05
"CTNM4.SA";2021-11-04;4,18;4,18;4;4;7100;4
"CTSA3.SA";2021-11-01;2,13;2,2;2,13;2,15;8300;2,15
"CTSA3.SA";2021-11-03;2,15;2,2;2,11;2,2;20400;2,2
"CTSA3.SA";2021-11-04;2,19;2,24;2,03;2,15;39900;2,15
"CTSA4.SA";2021-11-01;1,49;1,54;1,45;1,53;17900;1,53
"CTSA4.SA";2021-11-03;1,5;1,57;1,49;1,56;8300;1,56
"CTSA4.SA";2021-11-04;1,56;1,56;1,5;1,54;4100;1,54
"CURY3.SA";2021-11-01;6,81;7,04;6,72;6,92;1009000;6,92
"CURY3.SA";2021-11-03;6,92;7,35;6,87;7,21;719900;7,21
"CURY3.SA";2021-11-04;7,11;7,37;6,92;6,95;756800;6,95
"CVCB3.SA";2021-11-01;16,139999;17,200001;16,1;16,809999;6821900;16,809999
"CVCB3.SA";2021-11-03;16,690001;17,190001;16,110001;16,700001;11495600;16,700001
"CVCB3.SA";2021-11-04;16,459999;16,92;15,95;16,09;7618500;16,09
"CXSE3.SA";2021-11-01;8,89;9,03;8,67;8,97;2346400;8,727818
"CXSE3.SA";2021-11-03;8,97;9,16;8,81;9,06;3344100;8,815389
"CXSE3.SA";2021-11-04;9,07;9,28;8,99;9,06;4476700;8,815389
"CYRE3.SA";2021-11-01;14,3;14,82;14,17;14,53;4384200;14,53
"CYRE3.SA";2021-11-03;14,44;15,49;14,35;15,11;11096700;15,11
"CYRE3.SA";2021-11-04;14,97;15,28;14,59;14,78;4777100;14,78
"DASA3.SA";2021-11-01;35,130001;36,52;34,810001;36,07;153200;36,07
"DASA3.SA";2021-11-03;35,48;38,5;35,48;38,209999;193500;38,209999
"DASA3.SA";2021-11-04;38,299999;38,849998;37,349998;37,779999;161400;37,779999
"DESK3.SA";2021-11-01;19,4;19,4;18,059999;18,75;462200;18,75
"DESK3.SA";2021-11-03;18,5;20;18,25;19,92;219800;19,92
"DESK3.SA";2021-11-04;19,889999;19,93;19,110001;19,540001;271100;19,540001
"DEXP3.SA";2021-11-01;8,66;9,38;8,66;8,9;625200;8,9
"DEXP3.SA";2021-11-03;8,76;9,13;8,41;8,45;1205300;8,45
"DEXP3.SA";2021-11-04;8,55;8,66;8,23;8,47;886900;8,47
"DEXP4.SA";2021-11-01;7,6;7,73;7,3;7,3;12800;7,3
"DEXP4.SA";2021-11-03;7,3;7,33;7,01;7,01;13700;7,01
"DEXP4.SA";2021-11-04;7,03;7,33;6,81;7,32;5200;7,32
"DMMO3.SA";2021-11-01;0,67;0,67;0,66;0,67;1651500;0,67
"DMMO3.SA";2021-11-03;0,67;0,72;0,66;0,69;5991000;0,69
"DMMO3.SA";2021-11-04;0,7;0,72;0,67;0,71;4082900;0,71
"DMVF3.SA";2021-11-01;5,29;5,56;5,16;5,4;76600;5,4
"DMVF3.SA";2021-11-03;5,44;5,65;5,3;5,5;49000;5,5
"DMVF3.SA";2021-11-04;5,45;5,5;5,32;5,35;24500;5,35
"DOHL3.SA";2021-11-01;23,49;23,49;23,49;23,49;0;23,49
"DOHL3.SA";2021-11-03;23,49;23,49;23,49;23,49;0;23,49
"DOHL3.SA";2021-11-04;23,49;23,49;23,49;23,49;0;23,49
"DOHL4.SA";2021-11-01;6,04;6,06;5,97;6,05;4600;6,05
"DOHL4.SA";2021-11-03;6,16;6,25;5,95;6,06;2100;6,06
"DOHL4.SA";2021-11-04;6,06;6,11;5,97;6,08;15400;6,08
"DOTZ3.SA";2021-11-01;4,02;4,15;3,95;4,15;30900;4,15
"DOTZ3.SA";2021-11-03;4,01;4,3;3,91;4,29;68800;4,29
"DOTZ3.SA";2021-11-04;4,29;4,29;4,01;4,15;67700;4,15
"DTCY3.SA";2021-11-01;7,15;7,15;7,1;7,1;3700;7,1
"DTCY3.SA";2021-11-03;7,1;7,1;7,1;7,1;100;7,1
"DTCY3.SA";2021-11-04;7,1;7,1;7,1;7,1;0;7,1
"EALT3.SA";2021-11-01;11,16;11,16;11,16;11,16;500;11,16
"EALT3.SA";2021-11-03;11,1;11,1;11,1;11,1;600;11,1
"EALT3.SA";2021-11-04;11,1;11,1;11,1;11,1;0;11,1
"EALT4.SA";2021-11-01;6,56;6,79;6,3;6,71;53000;6,71
"EALT4.SA";2021-11-03;6,72;6,9;6,36;6,41;45700;6,41
"EALT4.SA";2021-11-04;6,27;6,4;6,15;6,28;20100;6,28
"ECOR3.SA";2021-11-01;8,33;8,61;8,22;8,29;6480100;8,29
"ECOR3.SA";2021-11-03;8,2;8,87;8,2;8,81;7854600;8,81
"ECOR3.SA";2021-11-04;8,77;8,91;8,44;8,63;6730100;8,63
"ECPR3.SA";2021-11-01;79,889999;79,889999;79,889999;79,889999;0;79,889999
"ECPR3.SA";2021-11-03;79,889999;79,889999;79,889999;79,889999;0;79,889999
"ECPR3.SA";2021-11-04;79,889999;79,889999;79,889999;79,889999;0;79,889999
"ECPR4.SA";2021-11-01;85,800003;85,800003;85,800003;85,800003;0;85,800003
"ECPR4.SA";2021-11-03;85,800003;85,800003;85,800003;85,800003;0;85,800003
"ECPR4.SA";2021-11-04;85,800003;85,800003;85,800003;85,800003;0;85,800003
"EEEL3.SA";2021-11-01;335;335;335;335;0;335
"EEEL3.SA";2021-11-03;335;335;335;335;0;335
"EEEL3.SA";2021-11-04;335;335;335;335;0;335
"EEEL4.SA";2021-11-01;350;350;350;350;0;350
"EEEL4.SA";2021-11-03;350;350;350;350;0;350
"EEEL4.SA";2021-11-04;350;350;350;350;0;350
"EGIE3.SA";2021-11-01;39,419998;39,630001;38,959999;39,110001;1340700;39,110001
"EGIE3.SA";2021-11-03;39,259998;40,349998;38,91;39,919998;2045300;39,919998
"EGIE3.SA";2021-11-04;40,029999;40,23;39,27;39,790001;1636100;39,790001
"EKTR3.SA";2021-11-01;36,52;36,52;36,52;36,52;0;36,52
"EKTR3.SA";2021-11-03;36,52;36,52;36,52;36,52;0;36,52
"EKTR3.SA";2021-11-04;36,52;36,52;36,52;36,52;0;36,52
"EKTR4.SA";2021-11-01;26,700001;26,700001;26,700001;26,700001;0;26,700001
"EKTR4.SA";2021-11-03;26,700001;26,700001;26,700001;26,700001;0;26,700001
"EKTR4.SA";2021-11-04;26,700001;26,700001;26,700001;26,700001;0;26,700001
"ELET3.SA";2021-11-01;33,93;35,400002;33,93;35,049999;3651700;35,049999
"ELET3.SA";2021-11-03;34,669998;35,720001;34,23;35,220001;4045200;35,220001
"ELET3.SA";2021-11-04;35,119999;35,259998;32,860001;33,169998;6177900;33,169998
"ELET5.SA";2021-11-01;65;65;65;65;0;65
"ELET5.SA";2021-11-03;65;65;65;65;0;65
"ELET5.SA";2021-11-04;65;65;65;65;0;65
"ELET6.SA";2021-11-01;33,919998;35,150002;33,919998;34,59;2835300;34,59
"ELET6.SA";2021-11-03;34,200001;35,419998;33,950001;35,009998;2280600;35,009998
"ELET6.SA";2021-11-04;34,82;34,919998;32,57;32,990002;3198400;32,990002
"ELMD3.SA";2021-11-01;15,41;15,82;15,21;15,55;270100;15,55
"ELMD3.SA";2021-11-03;15,41;15,7;14,96;15,7;449700;15,7
"ELMD3.SA";2021-11-04;15,57;15,99;15,33;15,5;266200;15,5
"EMAE3.SA";2021-11-01;26,01;26,01;26,01;26,01;0;26,01
"EMAE3.SA";2021-11-03;26,01;26,01;26,01;26,01;0;26,01
"EMAE3.SA";2021-11-04;26,01;26,01;26,01;26,01;0;26,01
"EMAE4.SA";2021-11-01;77,089996;77,110001;74,089996;75,330002;6800;75,330002
"EMAE4.SA";2021-11-03;74,190002;76,099998;74,190002;76,089996;3200;76,089996
"EMAE4.SA";2021-11-04;75,970001;75,970001;74,57;75,489998;1600;75,489998
"EMBR3.SA";2021-11-01;22,09;22,68;22,02;22,33;7279900;22,33
"EMBR3.SA";2021-11-03;22,07;22,620001;21,610001;22,35;9633600;22,35
"EMBR3.SA";2021-11-04;22,23;22,450001;21,18;21,709999;7579200;21,709999
"ENAT3.SA";2021-11-01;13,07;13,27;12,9;13,14;766400;13,14
"ENAT3.SA";2021-11-03;13,04;13,29;12,66;12,97;2352500;12,97
"ENAT3.SA";2021-11-04;12,94;13,32;12,54;12,75;1201500;12,75
"ENBR3.SA";2021-11-01;20,1;20,290001;19,559999;19,959999;5552200;19,959999
"ENBR3.SA";2021-11-03;19,9;20,540001;19,83;20,309999;7922900;20,309999
"ENBR3.SA";2021-11-04;20,26;20,51;19,83;19,9;3317200;19,9
"ENEV3.SA";2021-11-01;14,53;14,71;14,2;14,36;4763600;14,36
"ENEV3.SA";2021-11-03;14,22;15,05;14,16;14,82;7548800;14,82
"ENEV3.SA";2021-11-04;14,75;15,2;14,7;14,88;4957700;14,88
"ENGI11.SA";2021-11-01;40,34;41,25;40;40,310001;2155000;40,310001
"ENGI11.SA";2021-11-03;40;41,860001;39,68;41,259998;2904100;41,259998
"ENGI11.SA";2021-11-04;41,139999;41,290001;39,84;40,009998;1467600;40,009998
"ENGI3.SA";2021-11-01;13,81;14,55;13,81;14,55;7200;14,55
"ENGI3.SA";2021-11-03;14,47;14,81;14,09;14,61;7100;14,61
"ENGI3.SA";2021-11-04;14,61;15;13,86;13,86;16000;13,86
"ENGI4.SA";2021-11-01;6,58;6,71;6,45;6,55;14200;6,55
"ENGI4.SA";2021-11-03;6,46;6,74;6,36;6,72;23600;6,72
"ENGI4.SA";2021-11-04;6,55;6,64;6,47;6,49;18600;6,49
"ENJU3.SA";2021-11-01;4,01;4,47;3,98;4,4;2745300;4,4
"ENJU3.SA";2021-11-03;4,28;4,54;4,22;4,28;2997100;4,28
"ENJU3.SA";2021-11-04;4,26;4,42;4,04;4,11;2317800;4,11
"ENMT3.SA";2021-11-01;78,209999;79,989998;78;79,989998;1200;79,989998
"ENMT3.SA";2021-11-03;79,989998;79,989998;79,989998;79,989998;0;79,989998
"ENMT3.SA";2021-11-04;78,559998;79,989998;78,110001;79,989998;1600;79,989998
"ENMT4.SA";2021-11-01;79,900002;79,900002;79,900002;79,900002;0;79,900002
"ENMT4.SA";2021-11-03;79,900002;79,900002;79,900002;79,900002;0;79,900002
"ENMT4.SA";2021-11-04;79,900002;79,900002;79,900002;79,900002;0;79,900002
"EQPA3.SA";2021-11-01;5,32;5,32;5;5,08;7400;5,08
"EQPA3.SA";2021-11-03;5,03;5,16;5;5,04;25100;5,04
"EQPA3.SA";2021-11-04;5;5,09;5;5,01;4900;5,01
"EQPA5.SA";2021-11-01;7,2;7,2;7,2;7,2;0;7,2
"EQPA5.SA";2021-11-03;7,2;7,2;7,2;7,2;100;7,2
"EQPA5.SA";2021-11-04;7,2;7,2;7,2;7,2;0;7,2
"EQPA6.SA";2021-11-01;10,68;10,68;10,68;10,68;0;10,68
"EQPA6.SA";2021-11-03;10,68;10,68;10,68;10,68;0;10,68
"EQPA6.SA";2021-11-04;10,68;10,68;10,68;10,68;0;10,68
"EQPA7.SA";2021-11-01;7;7;7;7;500;7
"EQPA7.SA";2021-11-03;7;7;7;7;0;7
"EQPA7.SA";2021-11-04;7;7;7;7;0;7
"EQTL3.SA";2021-11-01;23,01;23,25;22,68;22,98;10998200;22,98
"EQTL3.SA";2021-11-03;22,719999;23,219999;22,389999;22,969999;13675100;22,969999
"EQTL3.SA";2021-11-04;22,91;23;22,280001;22,6;9116100;22,6
"ESPA3.SA";2021-11-01;9,81;10;9,67;9,72;1656900;9,72
"ESPA3.SA";2021-11-03;9,63;10,24;9,6;9,92;2634500;9,92
"ESPA3.SA";2021-11-04;9,92;10,04;9,63;9,8;1359500;9,8
"ESTR3.SA";2021-11-01;40;40;40;40;0;40
"ESTR3.SA";2021-11-03;40;40;40;40;0;40
"ESTR3.SA";2021-11-04;40;40;40;40;0;40
"ESTR4.SA";2021-11-01;67,18;67,18;67,18;67,18;0;67,18
"ESTR4.SA";2021-11-03;67,18;67,18;67,18;67,18;0;67,18
"ESTR4.SA";2021-11-04;67,18;67,18;67,18;67,18;0;67,18
"ETER3.SA";2021-11-01;13,45;14,58;13,37;14,54;1630400;14,54
"ETER3.SA";2021-11-03;14,11;14,86;14,02;14,51;862400;14,51
"ETER3.SA";2021-11-04;14,49;14,95;14,28;14,7;1034500;14,7
"EUCA3.SA";2021-11-01;14,81;15,15;14,71;15;5300;15
"EUCA3.SA";2021-11-03;15,3;15,3;14,82;15;1200;15
"EUCA3.SA";2021-11-04;14,86;14,86;14,8;14,8;1300;14,8
"EUCA4.SA";2021-11-01;7,98;8,6;7,95;8,53;119700;8,53
"EUCA4.SA";2021-11-03;8,55;8,59;8,26;8,28;85200;8,28
"EUCA4.SA";2021-11-04;8,29;8,33;7,9;8,09;92100;8,09
"EVEN3.SA";2021-11-01;6,32;6,5;6,19;6,43;1982200;6,43
"EVEN3.SA";2021-11-03;6,39;6,81;6,33;6,71;2113400;6,71
"EVEN3.SA";2021-11-04;6,69;6,8;6,44;6,55;1374000;6,55
"EZTC3.SA";2021-11-01;18,440001;19,07;18,280001;18,74;1806200;18,74
"EZTC3.SA";2021-11-03;18,52;19,889999;18,5;19,639999;1994900;19,639999
"EZTC3.SA";2021-11-04;19,52;19,9;18,870001;19,1;1653900;19,1
"FESA3.SA";2021-11-01;50;50;50;50;0;50
"FESA3.SA";2021-11-03;50;50;50;50;0;50
"FESA3.SA";2021-11-04;50;50;50;50;0;50
"FESA4.SA";2021-11-01;47,450001;48,700001;46,810001;47,900002;341900;47,900002
"FESA4.SA";2021-11-03;47,470001;47,93;45,759998;46,27;515600;46,27
"FESA4.SA";2021-11-04;46,16;46,860001;45,32;46,27;539700;46,27
"FHER3.SA";2021-11-01;19,299999;20,040001;18,68;19,610001;1393600;19,610001
"FHER3.SA";2021-11-03;19,32;20,389999;19,1;19,299999;1512600;19,299999
"FHER3.SA";2021-11-04;19,290001;19,549999;17,67;18,24;1281600;18,24
"FIGE3.SA";2021-11-01;43;43;43;43;0;43
"FIGE3.SA";2021-11-02;NA;NA;NA;NA;NA;NA
"FIGE3.SA";2021-11-03;43;43;43;43;0;43
"FIGE3.SA";2021-11-04;43;43;43;43;0;43
"FIQE3.SA";2021-11-01;5,8;5,96;5,7;5,87;563100;5,87
"FIQE3.SA";2021-11-03;5,87;6,19;5,75;6,19;524800;6,19
"FIQE3.SA";2021-11-04;6,2;6,29;5,28;5,99;1886400;5,99
"FNCN3.SA";2021-11-01;15,22;15,22;15,22;15,22;0;15,22
"FNCN3.SA";2021-11-03;15,22;15,22;15,22;15,22;0;15,22
"FNCN3.SA";2021-11-04;15,22;15,22;15,22;15,22;0;15,22
"FRAS3.SA";2021-11-01;14,02;14,58;14,02;14,49;100300;14,49
"FRAS3.SA";2021-11-03;14,57;14,92;14,38;14,92;92200;14,92
"FRAS3.SA";2021-11-04;14,81;15,15;14,61;14,93;94600;14,93
"FRIO3.SA";2021-11-01;46,029999;46,029999;46,029999;46,029999;0;46,029999
"FRIO3.SA";2021-11-03;46,029999;46,029999;46,029999;46,029999;0;46,029999
"FRIO3.SA";2021-11-04;46,029999;46,029999;46,029999;46,029999;0;46,029999
"FRTA3.SA";2021-11-01;5,56;5,56;5,55;5,55;3300;5,55
"FRTA3.SA";2021-11-03;5,55;5,59;5,55;5,59;1200;5,59
"FRTA3.SA";2021-11-04;5,55;5,55;5,55;5,55;2200;5,55
"G2DI33.SA";2021-11-01;6,57;6,74;6,53;6,53;68058;6,53
"G2DI33.SA";2021-11-03;6,53;6,73;6,41;6,7;104506;6,7
"G2DI33.SA";2021-11-04;6,7;6,7;6,4;6,67;107674;6,67
"GEPA3.SA";2021-11-01;31,5;31,5;31,5;31,5;0;31,5
"GEPA3.SA";2021-11-03;31,5;31,5;31,5;31,5;0;31,5
"GEPA3.SA";2021-11-04;31,5;31,5;31,5;31,5;0;31,5
"GEPA4.SA";2021-11-01;32,009998;32,009998;32,009998;32,009998;100;32,009998
"GEPA4.SA";2021-11-03;33,759998;33,779999;33,759998;33,779999;200;33,779999
"GEPA4.SA";2021-11-04;33,220001;33,220001;32,009998;32,009998;800;32,009998
"GFSA3.SA";2021-11-01;2,04;2,18;2,04;2,17;8988800;2,17
"GFSA3.SA";2021-11-03;2,16;2,26;2,12;2,22;10412800;2,22
"GFSA3.SA";2021-11-04;2,18;2,22;2,07;2,08;6728400;2,08
"GGBR3.SA";2021-11-01;22,41;22,950001;21,610001;22,1;102600;20,366247
"GGBR3.SA";2021-11-03;22;22;21,25;21,34;97200;19,665869
"GGBR3.SA";2021-11-04;21,33;21,700001;21,02;21,209999;97700;19,546066
"GGBR4.SA";2021-11-01;27,32;27,34;26,16;26,6;11210800;24,841862
"GGBR4.SA";2021-11-03;26,24;26,51;25,549999;25,549999;18009200;23,861259
"GGBR4.SA";2021-11-04;25,459999;26,059999;25,299999;25,530001;14648600;23,842583
"GGPS3.SA";2021-11-01;15,62;16,41;15,55;15,83;1267400;15,83
"GGPS3.SA";2021-11-03;15,74;16,889999;15,65;16,83;2569900;16,83
"GGPS3.SA";2021-11-04;16,969999;17,4;16,66;17,16;2063900;17,16
"GMAT3.SA";2021-11-01;7,18;7,23;7,03;7,23;3149300;7,23
"GMAT3.SA";2021-11-03;7,15;7,36;7,08;7,25;4837400;7,25
"GMAT3.SA";2021-11-04;7,25;7,35;7,1;7,14;5387900;7,14
"GNDI3.SA";2021-11-01;65,5;66,379997;64;65,720001;2460000;65,720001
"GNDI3.SA";2021-11-03;64,199997;70,089996;64,199997;68,849998;4562600;68,849998
"GNDI3.SA";2021-11-04;68,800003;70,190002;67,540001;68,510002;3833300;68,510002
"GOAU3.SA";2021-11-01;12,2;12,42;11,7;11,92;659800;10,23577
"GOAU3.SA";2021-11-03;12;12;11,32;11,32;827100;9,720547
"GOAU3.SA";2021-11-04;11,47;11,54;11,15;11,16;699700;9,583154
"GOAU4.SA";2021-11-01;12,72;12,79;12,3;12,49;13850600;10,802162
"GOAU4.SA";2021-11-03;12,46;12,46;11,88;11,91;24179600;10,300541
"GOAU4.SA";2021-11-04;11,9;12,08;11,71;11,78;15858100;10,188108
"GOLL4.SA";2021-11-01;15,53;16,530001;15,53;16,450001;6034300;16,450001
"GOLL4.SA";2021-11-03;16,23;17,6;16,1;17,549999;8423900;17,549999
"GOLL4.SA";2021-11-04;17,34;17,6;16,719999;16,92;6391800;16,92
"GPAR3.SA";2021-11-01;43;43;43;43;0;43
"GPAR3.SA";2021-11-03;43;43;43;43;0;43
"GPAR3.SA";2021-11-04;43;43;43;43;0;43
"GPIV33.SA";2021-11-01;7,11;7,5;7,03;7,37;52772;7,37
"GPIV33.SA";2021-11-03;7,37;7,44;7,15;7,15;40748;7,15
"GPIV33.SA";2021-11-04;7,36;7,5;6,92;6,92;27029;6,92
"GRND3.SA";2021-11-01;8,68;8,98;8,6;8,9;2495100;8,757157
"GRND3.SA";2021-11-03;8,85;9,47;8,77;9,33;2888000;9,180257
"GRND3.SA";2021-11-04;9,35;9,6;9,19;9,25;2830200;9,101541
"GSHP3.SA";2021-11-01;38;38;38;38;0;38
"GSHP3.SA";2021-11-03;38;38;36;36,040001;5200;36,040001
"GSHP3.SA";2021-11-04;35,869999;36,529999;35,849998;35,849998;1000;35,849998
"GUAR3.SA";2021-11-01;11,07;11,55;11;11,37;1147100;11,37
"GUAR3.SA";2021-11-03;11,31;12,3;11,22;12,17;1182200;12,17
"GUAR3.SA";2021-11-04;12,2;12,47;11,66;11,82;1043400;11,82
"HAGA3.SA";2021-11-01;4,2;4,49;4;4,44;18700;4,44
"HAGA3.SA";2021-11-03;4,1;4,42;4,1;4,42;6200;4,42
"HAGA3.SA";2021-11-04;4,2;4,49;4,2;4,47;17400;4,47
"HAGA4.SA";2021-11-01;1,89;2,05;1,87;2;74300;2
"HAGA4.SA";2021-11-03;2,06;2,06;1,94;1,97;86600;1,97
"HAGA4.SA";2021-11-04;1,94;2;1,93;1,93;49600;1,93
"HAPV3.SA";2021-11-01;11,75;11,88;11,49;11,77;12895100;11,77
"HAPV3.SA";2021-11-03;11,33;12,46;11,33;12,38;26262300;12,38
"HAPV3.SA";2021-11-04;12,28;12,54;12,06;12,26;19693600;12,26
"HBOR3.SA";2021-11-01;4,83;5,07;4,8;5,05;966500;5,05
"HBOR3.SA";2021-11-03;4,94;5,29;4,94;5,16;2220700;5,16
"HBOR3.SA";2021-11-04;5,12;5,21;4,84;5,04;1815500;5,04
"HBRE3.SA";2021-11-01;11,62;11,97;11,61;11,97;18900;11,97
"HBRE3.SA";2021-11-03;11,97;12,5;11,97;12,5;4600;12,5
"HBRE3.SA";2021-11-04;12,5;12,5;12,5;12,5;0;12,5
"HBSA3.SA";2021-11-01;3,03;3,13;2,98;3,12;2876700;3,12
"HBSA3.SA";2021-11-03;3,08;3,21;3,03;3,15;5050100;3,15
"HBSA3.SA";2021-11-04;3,15;3,18;3,03;3,05;4365300;3,05
"HBTS5.SA";2021-11-01;52,75;52,75;52,75;52,75;0;52,75
"HBTS5.SA";2021-11-03;54,990002;55;51;51;300;51
"HBTS5.SA";2021-11-04;50;50;48;48;400;48
"HETA3.SA";2021-11-01;96;96;96;96;0;96
"HETA3.SA";2021-11-03;96;96;96;96;0;96
"HETA3.SA";2021-11-04;96;96;96;96;0;96
"HETA4.SA";2021-11-01;11,9;12,8;11,13;12,6;3300;12,6
"HETA4.SA";2021-11-03;12,99;12,99;12,99;12,99;100;12,99
"HETA4.SA";2021-11-04;13,2;13,2;13,03;13,03;200;13,03
"HOOT3.SA";2021-11-01;3,3;3,3;3,3;3,3;0;3,3
"HOOT3.SA";2021-11-02;NA;NA;NA;NA;NA;NA
"HOOT3.SA";2021-11-03;3,3;3,3;3,3;3,3;0;3,3
"HOOT3.SA";2021-11-04;3,3;3,3;3,3;3,3;0;3,3
"HOOT4.SA";2021-11-01;3,14;3,23;3,07;3,22;10900;3,22
"HOOT4.SA";2021-11-03;3,22;3,26;3,13;3,17;9400;3,17
"HOOT4.SA";2021-11-04;3,25;3,25;3,19;3,21;4400;3,21
"HYPE3.SA";2021-11-01;28,379999;28,91;28,190001;28,85;4124900;28,85
"HYPE3.SA";2021-11-03;28,4;30,07;28,4;29,719999;5782600;29,719999
"HYPE3.SA";2021-11-04;29,629999;29,68;28,77;29,110001;2332200;29,110001
"IFCM3.SA";2021-11-01;13,31;13,58;12,97;13,4;1235600;13,4
"IFCM3.SA";2021-11-03;13,52;13,73;12,87;13,73;1349500;13,73
"IFCM3.SA";2021-11-04;13,88;14;13,4;13,93;719900;13,93
"IGBR3.SA";2021-11-01;2,83;2,98;2,8;2,8;86000;2,8
"IGBR3.SA";2021-11-03;2,83;2,93;2,58;2,68;188200;2,68
"IGBR3.SA";2021-11-04;2,65;2,77;2,5;2,5;164000;2,5
"IGTA3.SA";2021-11-01;30,299999;31,68;30,299999;31,049999;1910200;31,049999
"IGTA3.SA";2021-11-03;30,65;32,860001;30,65;32,119999;2305100;32,119999
"IGTA3.SA";2021-11-04;32,029999;32,799999;31,32;31,73;1742100;31,73
"INEP3.SA";2021-11-01;1,8;1,83;1,75;1,8;623700;1,8
"INEP3.SA";2021-11-03;1,83;1,92;1,78;1,86;1155800;1,86
"INEP3.SA";2021-11-04;1,89;1,93;1,79;1,79;979000;1,79
"INEP4.SA";2021-11-01;1,77;1,84;1,75;1,8;891900;1,8
"INEP4.SA";2021-11-03;1,82;1,93;1,78;1,89;1153800;1,89
"INEP4.SA";2021-11-04;1,89;1,93;1,81;1,82;877700;1,82
"INTB3.SA";2021-11-01;26,6;26,790001;25,719999;26,690001;1711500;26,690001
"INTB3.SA";2021-11-03;26,42;27,700001;26,209999;27,540001;1443200;27,540001
"INTB3.SA";2021-11-04;27,35;28,02;26,77;27;1068800;27
"IRBR3.SA";2021-11-01;4,74;4,92;4,72;4,86;16323300;4,86
"IRBR3.SA";2021-11-03;4,82;4,95;4,78;4,89;15348100;4,89
"IRBR3.SA";2021-11-04;4,9;4,98;4,77;4,8;12483500;4,8
"ITSA3.SA";2021-11-01;10,31;10,66;10,31;10,52;242700;10,52
"ITSA3.SA";2021-11-03;10,52;10,78;10,5;10,68;195800;10,68
"ITSA3.SA";2021-11-04;10,78;10,78;10,31;10,38;188800;10,38
"ITSA4.SA";2021-11-01;10,31;10,6;10,31;10,51;30190700;10,51
"ITSA4.SA";2021-11-03;10,44;10,74;10,43;10,6;36321500;10,6
"ITSA4.SA";2021-11-04;10,66;10,69;10,19;10,25;36727000;10,25
"ITUB3.SA";2021-11-01;21,219999;21,780001;21,18;21,77;1362800;21,77
"ITUB3.SA";2021-11-03;21,700001;22,27;21,58;22,01;1198000;22,01
"ITUB3.SA";2021-11-04;22;22,139999;20,91;20,92;1593200;20,92
"ITUB4.SA";2021-11-01;23,709999;24,370001;23,65;24,219999;35470800;24,219999
"ITUB4.SA";2021-11-03;24,01;24,870001;24,01;24,450001;62011400;24,450001
"ITUB4.SA";2021-11-04;24,48;24,73;23,02;23,16;71651200;23,16
"JBDU3.SA";2021-11-01;2,8;2,92;2,6;2,82;227500;2,82
"JBDU3.SA";2021-11-03;2,87;3,25;2,78;3;385900;3
"JBDU3.SA";2021-11-04;2,97;4,52;2,93;3,25;4622100;3,25
"JBDU4.SA";2021-11-01;0,9;0,96;0,87;0,92;952100;0,92
"JBDU4.SA";2021-11-03;0,95;1,02;0,91;0,97;1146200;0,97
"JBDU4.SA";2021-11-04;0,95;1,26;0,95;1,08;5067700;1,08
"JBSS3.SA";2021-11-01;39,189999;39,470001;37,150002;37,16;12418600;37,16
"JBSS3.SA";2021-11-03;37,060001;37,419998;35,810001;36,759998;15538300;36,759998
"JBSS3.SA";2021-11-04;36,759998;38,130001;36,73;37,880001;11413800;37,880001
"JFEN3.SA";2021-11-01;1,43;1,47;1,41;1,43;119900;1,43
"JFEN3.SA";2021-11-03;1,44;1,5;1,42;1,46;169100;1,46
"JFEN3.SA";2021-11-04;1,45;1,48;1,41;1,41;536800;1,41
"JHSF3.SA";2021-11-01;5,08;5,29;5,06;5,24;3248200;5,24
"JHSF3.SA";2021-11-03;5,24;5,53;5,16;5,44;5723100;5,44
"JHSF3.SA";2021-11-04;5,44;5,53;5,27;5,36;2890000;5,36
"JOPA3.SA";2021-11-01;28;28;28;28;0;28
"JOPA3.SA";2021-11-03;28,5;28,5;28,5;28,5;200;28,5
"JOPA3.SA";2021-11-04;28,5;28,5;28,5;28,5;0;28,5
"JOPA4.SA";2021-11-01;37;37;37;37;0;37
"JOPA4.SA";2021-11-03;37;37;37;37;0;37
"JOPA4.SA";2021-11-04;37;37;37;37;0;37
"JPSA3.SA";2021-11-01;26,67;27,639999;26,440001;27,33;269600;27,33
"JPSA3.SA";2021-11-03;26,860001;28,84;26,82;28,33;231700;28,33
"JPSA3.SA";2021-11-04;28,34;28,9;27,450001;27,870001;187500;27,870001
"KEPL3.SA";2021-11-01;35,709999;36,16;35,310001;35,389999;122300;35,389999
"KEPL3.SA";2021-11-03;35,209999;36,169998;35,189999;35,189999;255500;35,189999
"KEPL3.SA";2021-11-04;35,27;36,09;35;35,049999;259200;35,049999
"KLBN11.SA";2021-11-01;23,030001;23,030001;22,110001;22,129999;6847000;22,129999
"KLBN11.SA";2021-11-03;22,129999;22,639999;22,129999;22,389999;7315600;22,389999
"KLBN11.SA";2021-11-04;22,440001;22,51;21,91;22,33;4986700;22,33
"KLBN3.SA";2021-11-01;5,6;5,68;5,39;5,39;216200;5,39
"KLBN3.SA";2021-11-03;5,41;5,56;5,41;5,51;151500;5,51
"KLBN3.SA";2021-11-04;5,48;5,53;5,35;5,38;86300;5,38
"KLBN4.SA";2021-11-01;4,31;4,31;4,18;4,2;964600;4,2
"KLBN4.SA";2021-11-03;4,24;4,27;4,18;4,25;685500;4,25
"KLBN4.SA";2021-11-04;4,21;4,24;4,15;4,23;764400;4,23
"LAME3.SA";2021-11-01;4,93;5,3;4,92;5,24;2918300;5,24
"LAME3.SA";2021-11-03;5,26;5,81;5,25;5,78;7301600;5,78
"LAME3.SA";2021-11-04;5,8;6;5,55;5,64;4419600;5,64
"LAME4.SA";2021-11-01;4,9;5,21;4,82;5,1;21588900;5,1
"LAME4.SA";2021-11-03;5,43;5,84;5,32;5,78;55739200;5,78
"LAME4.SA";2021-11-04;5,72;6,02;5,57;5,66;28554800;5,66
"LAND3.SA";2021-11-01;21,52;22,99;21,52;22,27;49200;22,27
"LAND3.SA";2021-11-03;22,27;22,66;20,34;21,18;111000;21,18
"LAND3.SA";2021-11-04;21,18;21,549999;20,629999;20,860001;26300;20,860001
"LAVV3.SA";2021-11-01;5,05;5,29;5;5,25;1191100;5,25
"LAVV3.SA";2021-11-03;5,22;5,56;5,17;5,56;1157000;5,56
"LAVV3.SA";2021-11-04;5,54;5,6;5,34;5,4;793300;5,4
"LCAM3.SA";2021-11-01;20,059999;20,370001;19,91;20,01;1505500;20,01
"LCAM3.SA";2021-11-03;19,889999;21,6;19,860001;21,299999;3393200;21,299999
"LCAM3.SA";2021-11-04;21,129999;22,1;20,98;21,33;4044600;21,33
"LEVE3.SA";2021-11-01;34,16;35,540001;33,68;35;782800;35
"LEVE3.SA";2021-11-03;34,599998;36,389999;34;35,509998;699700;35,509998
"LEVE3.SA";2021-11-04;35,580002;35,849998;33,009998;33,279999;695300;33,279999
"LIGT3.SA";2021-11-01;9,85;10,37;9,85;10,17;2123100;10,17
"LIGT3.SA";2021-11-03;10,11;10,94;10,07;10,66;3416100;10,66
"LIGT3.SA";2021-11-04;10,63;10,66;10;10,11;2989500;10,11
"LIPR3.SA";2021-11-01;63,400002;63,400002;63,400002;63,400002;0;63,400002
"LIPR3.SA";2021-11-03;63,400002;63,400002;63,400002;63,400002;0;63,400002
"LIPR3.SA";2021-11-04;63,400002;63,400002;63,400002;63,400002;0;63,400002
"LJQQ3.SA";2021-11-01;11,7;12,05;11,62;11,67;1999000;11,67
"LJQQ3.SA";2021-11-03;11,53;12,34;11,45;12,12;2528900;12,12
"LJQQ3.SA";2021-11-04;12,15;12,22;11,6;11,7;1981500;11,7
"LPSB3.SA";2021-11-01;2,54;2,71;2,51;2,69;1502200;2,69
"LPSB3.SA";2021-11-03;2,71;2,8;2,63;2,74;1211300;2,74
"LPSB3.SA";2021-11-04;2,76;2,76;2,53;2,55;1228600;2,55
"LREN3.SA";2021-11-01;29,31818;30,427273;29,31818;30,181818;7824960;30,181818
"LREN3.SA";2021-11-03;30,027271;32,263638;29,972727;31,690908;13573230;31,690908
"LREN3.SA";2021-11-04;31,681818;32,099998;30,663635;31;10504450;31
"LUPA3.SA";2021-11-01;6,15;6,59;6,15;6,46;3354900;6,46
"LUPA3.SA";2021-11-03;6,4;6,75;6,35;6,43;2961000;6,43
"LUPA3.SA";2021-11-04;6,43;7,23;6,34;7,1;4916700;7,1
"LUXM3.SA";2021-11-01;6,66667;6,66667;6,66667;6,66667;0;6,66667
"LUXM3.SA";2021-11-02;NA;NA;NA;NA;NA;NA
"LUXM3.SA";2021-11-03;6,66667;6,66667;6,66667;6,66667;0;6,66667
"LUXM3.SA";2021-11-04;6,66667;6,66667;6,66667;6,66667;0;6,66667
"LUXM4.SA";2021-11-01;80,970001;80,980003;80,970001;80,980003;300;80,980003
"LUXM4.SA";2021-11-03;80;80;80;80;100;80
"LUXM4.SA";2021-11-04;80;80;80;80;100;80
"LVTC3.SA";2021-11-01;17,209999;17,25;16,540001;16,969999;252500;16,969999
"LVTC3.SA";2021-11-03;17,1;17,530001;16,549999;17,450001;211100;17,450001
"LVTC3.SA";2021-11-04;17,75;17,75;16,91;17,1;183000;17,1
"LWSA3.SA";2021-11-01;18,6;19,200001;18,440001;18,629999;5561700;18,629999
"LWSA3.SA";2021-11-03;18,610001;20,4;18,43;20,32;8044100;20,32
"LWSA3.SA";2021-11-04;20,17;21,68;20,07;20,620001;5823700;20,620001
"MAPT3.SA";2021-11-01;37;37;37;37;0;37
"MAPT3.SA";2021-11-03;37;37;37;37;0;37
"MAPT3.SA";2021-11-04;37;37;37;37;0;37
"MAPT4.SA";2021-11-01;37,950001;37,950001;37,950001;37,950001;0;37,950001
"MAPT4.SA";2021-11-03;37,950001;37,950001;37,950001;37,950001;0;37,950001
"MAPT4.SA";2021-11-04;37,950001;37,950001;37,950001;37,950001;0;37,950001
"MATD3.SA";2021-11-01;14,68;14,95;14,27;14,91;710700;14,91
"MATD3.SA";2021-11-03;14,7;15,88;14,7;15,79;347200;15,79
"MATD3.SA";2021-11-04;15,69;16,25;15,5;15,88;775700;15,88
"MDIA3.SA";2021-11-01;31,26;31,27;30,59;31,18;548600;31,18
"MDIA3.SA";2021-11-03;31,09;31,98;30,76;31,620001;1709000;31,620001
"MDIA3.SA";2021-11-04;31,59;32,040001;30,98;31,09;1238200;31,09
"MDNE3.SA";2021-11-01;4,93;5,72;4,9;5,71;657600;5,71
"MDNE3.SA";2021-11-03;5,69;6,04;5,47;5,8;467400;5,8
"MDNE3.SA";2021-11-04;5,82;5,82;5,36;5,48;426600;5,48
"MEAL3.SA";2021-11-01;2,84;2,95;2,82;2,91;2630300;2,91
"MEAL3.SA";2021-11-03;2,9;3,2;2,88;3,2;6073400;3,2
"MEAL3.SA";2021-11-04;3,19;3,19;2,96;2,98;3171300;2,98
"MELK3.SA";2021-11-01;3,6;3,94;3,57;3,91;714000;3,91
"MELK3.SA";2021-11-03;3,88;4,1;3,84;4,01;1004500;4,01
"MELK3.SA";2021-11-04;4;4,01;3,81;3,88;515700;3,88
"MERC3.SA";2021-11-01;27;27;27;27;0;27
"MERC3.SA";2021-11-03;27;27;27;27;0;27
"MERC3.SA";2021-11-04;27;27;27;27;0;27
"MERC4.SA";2021-11-01;10,5;10,5;10,5;10,5;0;10,5
"MERC4.SA";2021-11-03;10,5;10,5;10,5;10,5;0;10,5
"MERC4.SA";2021-11-04;10,5;10,5;10,5;10,5;0;10,5
"MGEL3.SA";2021-11-01;75;75;75;75;0;75
"MGEL3.SA";2021-11-02;NA;NA;NA;NA;NA;NA
"MGEL3.SA";2021-11-03;75;75;75;75;0;75
"MGEL3.SA";2021-11-04;75;75;75;75;0;75
"MGEL4.SA";2021-11-01;13,5;14;13,3;13,5;3000;13,5
"MGEL4.SA";2021-11-03;12,8;13,3;12,51;13,3;3600;13,3
"MGEL4.SA";2021-11-04;13,22;13,22;13,1;13,1;1900;13,1
"MGLU3.SA";2021-11-01;10,87;11,43;10,86;11,3;31309000;11,3
"MGLU3.SA";2021-11-03;11,19;11,67;10,99;11,55;47660400;11,55
"MGLU3.SA";2021-11-04;11,5;11,82;10,93;11,08;34112300;11,08
"MILS3.SA";2021-11-01;5,02;5,32;5,02;5,28;839000;5,28
"MILS3.SA";2021-11-03;5,28;5,57;5,17;5,49;1051600;5,49
"MILS3.SA";2021-11-04;5,54;5,54;5,11;5,25;2021300;5,25
"MLAS3.SA";2021-11-01;6,47;6,7;6,36;6,61;823900;6,61
"MLAS3.SA";2021-11-03;6,57;7,03;6,4;6,99;1379100;6,99
"MLAS3.SA";2021-11-04;7,01;7,02;6,5;6,58;2535100;6,58
"MMAQ3.SA";2021-11-01;3;3;3;3;0;3
"MMAQ3.SA";2021-11-02;NA;NA;NA;NA;NA;NA
"MMAQ3.SA";2021-11-03;3;3;3;3;0;3
"MMAQ3.SA";2021-11-04;3;3;3;3;0;3
"MMAQ4.SA";2021-11-01;163,860001;163,860001;163,860001;163,860001;0;163,860001
"MMAQ4.SA";2021-11-02;NA;NA;NA;NA;NA;NA
"MMAQ4.SA";2021-11-03;163,860001;163,860001;163,860001;163,860001;0;163,860001
"MMAQ4.SA";2021-11-04;163,860001;163,860001;163,860001;163,860001;0;163,860001
"MMXM3.SA";2021-11-01;14;14;14;14;0;14
"MMXM3.SA";2021-11-03;14;14;14;14;0;14
"MMXM3.SA";2021-11-04;14;14;14;14;0;14
"MNDL3.SA";2021-11-01;53,93;53,93;52;52;400;52
"MNDL3.SA";2021-11-03;51,990002;51,990002;51,990002;51,990002;100;51,990002
"MNDL3.SA";2021-11-04;47;48,779999;44,529999;48,740002;1400;48,740002
"MNPR3.SA";2021-11-01;8,8;8,85;8,53;8,76;32400;8,76
"MNPR3.SA";2021-11-03;8,53;8,74;7,7;8,2;69000;8,2
"MNPR3.SA";2021-11-04;8,1;8,39;7,88;8,39;14100;8,39
"MOAR3.SA";2021-11-01;435,070007;440;435,070007;440;300;415,400848
"MOAR3.SA";2021-11-03;436,209991;439,070007;430;438,98999;900;414,447296
"MOAR3.SA";2021-11-04;438,98999;438,98999;430,019989;438;1700;413,512665
"MODL11.SA";2021-11-01;11,9;11,9;11,55;11,62;256600;11,62
"MODL11.SA";2021-11-03;11,62;12,08;11,61;11,87;471600;11,87
"MODL11.SA";2021-11-04;11,93;12,53;11,46;12,3;506000;12,3
"MOSI3.SA";2021-11-01;10,14;10,91;10,14;10,8;948700;10,8
"MOSI3.SA";2021-11-03;10,55;11,05;10,39;10,84;2071700;10,84
"MOSI3.SA";2021-11-04;10,8;10,99;10,14;10,18;783600;10,18
"MOVI3.SA";2021-11-01;15,01;15,13;14,77;14,99;2112100;14,99
"MOVI3.SA";2021-11-03;14,9;15,57;14,8;15,4;4373100;15,4
"MOVI3.SA";2021-11-04;15,4;15,75;14,96;15,15;3285100;15,15
"MRFG3.SA";2021-11-01;26,950001;27,040001;25,049999;25,440001;11554200;25,440001
"MRFG3.SA";2021-11-03;25,23;26,1;24,790001;25,85;7349000;25,85
"MRFG3.SA";2021-11-04;25,85;27,07;25,790001;26,780001;8266400;26,780001
"MRVE3.SA";2021-11-01;10,38;10,77;10,2;10,62;4004000;10,62
"MRVE3.SA";2021-11-03;10,5;11,32;10,5;11,07;5954200;11,07
"MRVE3.SA";2021-11-04;11,07;11,48;10,89;10,99;5574300;10,99
"MSPA3.SA";2021-11-01;48,5;48,5;48,5;48,5;0;48,5
"MSPA3.SA";2021-11-03;48,5;48,5;48,5;48,5;0;48,5
"MSPA3.SA";2021-11-04;48,5;48,5;48,5;48,5;0;48,5
"MSPA4.SA";2021-11-01;46;46;46;46;0;46
"MSPA4.SA";2021-11-03;46;46;46;46;0;46
"MSPA4.SA";2021-11-04;46;46;46;46;0;46
"MTIG3.SA";2021-11-01;156,300003;156,300003;156,300003;156,300003;0;156,300003
"MTIG3.SA";2021-11-02;NA;NA;NA;NA;NA;NA
"MTIG3.SA";2021-11-03;156,300003;156,300003;156,300003;156,300003;0;156,300003
"MTIG3.SA";2021-11-04;156,300003;156,300003;156,300003;156,300003;0;156,300003
"MTIG4.SA";2021-11-01;32,02;32,02;32,02;32,02;0;32,02
"MTIG4.SA";2021-11-03;32,02;32,02;32,02;32,02;0;32,02
"MTIG4.SA";2021-11-04;32,02;32,02;32,02;32,02;0;32,02
"MTRE3.SA";2021-11-01;5,94;6,39;5,89;6,32;1054800;6,32
"MTRE3.SA";2021-11-03;6,3;6,58;6,17;6,36;895900;6,36
"MTRE3.SA";2021-11-04;6,25;6,41;5,95;6,04;1024000;6,04
"MTSA3.SA";2021-11-01;64,5;64,5;64,5;64,5;0;64,5
"MTSA3.SA";2021-11-03;64,5;64,5;64,5;64,5;0;64,5
"MTSA3.SA";2021-11-04;64,5;64,5;64,5;64,5;0;64,5
"MTSA4.SA";2021-11-01;43;43,400002;41,990002;41,990002;7600;41,990002
"MTSA4.SA";2021-11-03;42,779999;42,790001;42,009998;42,759998;1600;42,759998
"MTSA4.SA";2021-11-04;42,299999;42,650002;42,150002;42,650002;1800;42,650002
"MULT3.SA";2021-11-01;18,790001;19,43;18,59;19,01;7752000;19,01
"MULT3.SA";2021-11-03;18,790001;20,18;18,780001;19,639999;10393700;19,639999
"MULT3.SA";2021-11-04;19,549999;20,059999;19,200001;19,610001;9121500;19,610001
"MWET3.SA";2021-11-01;31,01;31,01;31,01;31,01;0;31,01
"MWET3.SA";2021-11-03;25;26,690001;25;26,690001;700;26,690001
"MWET3.SA";2021-11-04;26,370001;26,370001;26,370001;26,370001;200;26,370001
"MWET4.SA";2021-11-01;12,49;12,5;12,01;12,43;4400;12,43
"MWET4.SA";2021-11-03;12,96;13,66;12,6;13,47;2600;13,47
"MWET4.SA";2021-11-04;13,63;13,63;12,6;12,6;1100;12,6
"MYPK3.SA";2021-11-01;16,959999;17,1;16,559999;17,1;1537100;17,1
"MYPK3.SA";2021-11-03;16,799999;17,73;16,790001;17,549999;1968200;17,549999
"MYPK3.SA";2021-11-04;17,5;17,5;16,85;16,969999;1997200;16,969999
"NEOE3.SA";2021-11-01;15,67;15,73;15,54;15,68;981000;15,68
"NEOE3.SA";2021-11-03;15,54;16,309999;15,54;16,17;3010400;16,17
"NEOE3.SA";2021-11-04;16,17;16,290001;15,74;15,8;2605200;15,8
"NGRD3.SA";2021-11-01;3,61;3,85;3,59;3,85;1770000;3,85
"NGRD3.SA";2021-11-03;3,8;4,09;3,77;4,03;1915200;4,03
"NGRD3.SA";2021-11-04;4,02;4,13;3,88;3,95;1148700;3,95
"NINJ3.SA";2021-11-01;8,12;8,5;7,91;8,28;68200;8,28
"NINJ3.SA";2021-11-03;8,45;9,16;8,23;9,04;57100;9,04
"NINJ3.SA";2021-11-04;9,17;9,4;8,21;8,21;124400;8,21
"NORD3.SA";2021-11-01;14,32;14,32;14,1;14,1;200;14,1
"NORD3.SA";2021-11-03;14,02;14,02;13,85;13,85;800;13,85
"NORD3.SA";2021-11-04;14,1;15,18;14,1;15,18;700;15,18
"NTCO3.SA";2021-11-01;39,790001;40,560001;39,049999;40,16;5277200;40,16
"NTCO3.SA";2021-11-03;40,02;40,950001;39,52;40,52;5719200;40,52
"NTCO3.SA";2021-11-04;40,450001;40,759998;38,84;39,049999;10968400;39,049999
"ODER4.SA";2021-11-01;190;190;190;190;0;190
"ODER4.SA";2021-11-03;190;190;190;190;0;190
"ODER4.SA";2021-11-04;190;190;190;190;0;190
"ODPV3.SA";2021-11-01;13,51;13,54;12,8;13,06;1589300;13,06
"ODPV3.SA";2021-11-03;12,98;14,03;12,91;13,91;3253400;13,91
"ODPV3.SA";2021-11-04;13,95;13,99;13,63;13,78;969700;13,78
"OFSA3.SA";2021-11-01;25,74;27,700001;25;26;58400;26
"OFSA3.SA";2021-11-03;25,620001;27,450001;25,549999;27,450001;8200;27,450001
"OFSA3.SA";2021-11-04;26,68;27,24;26,02;26,02;4100;26,02
"OIBR3.SA";2021-11-01;0,91;1;0,9;0,99;96680900;0,99
"OIBR3.SA";2021-11-03;1,08;1,12;1,03;1,04;230744400;1,04
"OIBR3.SA";2021-11-04;1,02;1,06;0,99;1;89665200;1
"OIBR4.SA";2021-11-01;1,49;1,68;1,49;1,63;1381900;1,63
"OIBR4.SA";2021-11-03;1,69;1,85;1,68;1,72;3037700;1,72
"OIBR4.SA";2021-11-04;1,71;1,76;1,64;1,64;1039600;1,64
"OMGE3.SA";2021-11-01;33,259998;33,259998;32,470001;32,900002;647600;32,900002
"OMGE3.SA";2021-11-03;32,91;33,849998;32,560001;33,450001;1858800;33,450001
"OMGE3.SA";2021-11-04;33,150002;33,279999;30,16;30,700001;3564600;30,700001
"OPCT3.SA";2021-11-01;3,52;3,6;3,49;3,58;811800;3,58
"OPCT3.SA";2021-11-03;3,58;3,86;3,53;3,79;1051600;3,79
"OPCT3.SA";2021-11-04;3,74;3,92;3,54;3,63;872900;3,63
"ORVR3.SA";2021-11-01;25,49;25,49;24,700001;25,200001;421300;25,200001
"ORVR3.SA";2021-11-03;25,030001;26,450001;25;26,290001;355500;26,290001
"ORVR3.SA";2021-11-04;26,299999;28;26,299999;27,5;1073700;27,5
"OSXB3.SA";2021-11-01;6,62;6,74;6,62;6,74;1800;6,74
"OSXB3.SA";2021-11-03;6,68;6,76;6,63;6,71;500;6,71
"OSXB3.SA";2021-11-04;6,63;6,72;6,63;6,65;700;6,65
"PARD3.SA";2021-11-01;22,200001;23,25;22,200001;22,780001;561800;22,780001
"PARD3.SA";2021-11-03;22,799999;23;22,450001;22,700001;415900;22,700001
"PARD3.SA";2021-11-04;22,780001;22,98;22,280001;22,42;413600;22,42
"PATI3.SA";2021-11-01;73,5;73,5;73,5;73,5;0;73,5
"PATI3.SA";2021-11-03;73,5;73,5;73,5;73,5;0;73,5
"PATI3.SA";2021-11-04;73,5;73,5;73,5;73,5;0;73,5
"PATI4.SA";2021-11-01;59;59;59;59;0;59
"PATI4.SA";2021-11-03;59;59;59;59;0;59
"PATI4.SA";2021-11-04;59;59;59;59;0;59
"PCAR3.SA";2021-11-01;25,73;26,02;25,49;25,92;2053200;25,92
"PCAR3.SA";2021-11-03;25,700001;25,77;24,370001;24,799999;4823800;24,799999
"PCAR3.SA";2021-11-04;24,6;24,700001;22,889999;22,889999;7127500;22,889999
"PDGR3.SA";2021-11-01;1,91;2,02;1,9;1,95;2170800;1,95
"PDGR3.SA";2021-11-03;1,92;2,13;1,92;2,04;2426800;2,04
"PDGR3.SA";2021-11-04;2,02;2,09;1,92;1,92;1637200;1,92
"PDTC3.SA";2021-11-01;6,25;7,12;6,25;6,97;124200;6,97
"PDTC3.SA";2021-11-03;7,1;7,49;7,05;7,31;209700;7,31
"PDTC3.SA";2021-11-04;7,4;7,79;6,86;6,9;404600;6,9
"PEAB3.SA";2021-11-01;61,16;61,16;61,16;61,16;0;61,16
"PEAB3.SA";2021-11-03;61,16;61,16;61,16;61,16;0;61,16
"PEAB3.SA";2021-11-04;61,16;61,16;61,16;61,16;0;61,16
"PEAB4.SA";2021-11-01;80,330002;80,330002;80,330002;80,330002;0;80,330002
"PEAB4.SA";2021-11-03;80,330002;80,330002;80,330002;80,330002;0;80,330002
"PEAB4.SA";2021-11-04;80,330002;80,330002;80,330002;80,330002;0;80,330002
"PETR3.SA";2021-11-01;28,23;29,09;28,09;28,700001;33225700;28,700001
"PETR3.SA";2021-11-03;28,35;28,48;27,48;27,48;20517700;27,48
"PETR3.SA";2021-11-04;27,65;27,799999;26,540001;26,67;16393400;26,67
"PETR4.SA";2021-11-01;27,709999;28,32;27,370001;28;102157200;28
"PETR4.SA";2021-11-03;27,709999;27,85;26,799999;26,85;83475800;26,85
"PETR4.SA";2021-11-04;27,02;27,24;25,85;26;92603400;26
"PETZ3.SA";2021-11-01;19,040001;19,92;18,98;19,309999;5067600;19,309999
"PETZ3.SA";2021-11-03;19,18;21,059999;19,030001;20,82;7041800;20,82
"PETZ3.SA";2021-11-04;20,6;21,68;20,24;20,639999;6872600;20,639999
"PFRM3.SA";2021-11-01;4,88;5,09;4,86;4,99;185500;4,99
"PFRM3.SA";2021-11-03;4,96;5,15;4,95;5,03;299100;5,03
"PFRM3.SA";2021-11-04;5,01;5,05;4,93;5,03;124700;5,03
"PINE4.SA";2021-11-01;1,94;1,96;1,88;1,92;161500;1,92
"PINE4.SA";2021-11-03;1,92;1,95;1,91;1,93;148100;1,93
"PINE4.SA";2021-11-04;1,92;1,97;1,89;1,89;192300;1,89
"PLAS3.SA";2021-11-01;9,82;9,82;9,82;9,82;0;9,82
"PLAS3.SA";2021-11-03;9,82;9,82;9,82;9,82;0;9,82
"PLAS3.SA";2021-11-04;9,8;9,8;9,8;9,8;100;9,8
"PLPL3.SA";2021-11-01;3,07;3,22;3,05;3,22;821400;3,22
"PLPL3.SA";2021-11-03;3,17;3,4;3,14;3,34;1155800;3,34
"PLPL3.SA";2021-11-04;3,28;3,34;3,05;3,07;1296900;3,07
"PMAM3.SA";2021-11-01;9,64;10,6;9,58;10,38;931100;10,38
"PMAM3.SA";2021-11-03;10,36;10,99;10,26;10,8;596000;10,8
"PMAM3.SA";2021-11-04;10,7;10,81;10,1;10,28;544300;10,28
"PNVL3.SA";2021-11-01;13,13;13,8;13,01;13,58;1166500;13,58
"PNVL3.SA";2021-11-03;13,56;13,94;13,44;13,71;962400;13,71
"PNVL3.SA";2021-11-04;13,71;13,88;13,4;13,49;1196400;13,49
"POMO4.SA";2021-11-01;2,62;2,7;2,6;2,67;2713000;2,67
"POMO4.SA";2021-11-03;2,64;2,76;2,64;2,72;4236400;2,72
"POMO4.SA";2021-11-04;2,72;2,9;2,67;2,8;12568400;2,8
"POSI3.SA";2021-11-01;8,41;9;8,4;8,95;3015200;8,95
"POSI3.SA";2021-11-03;8,84;9,28;8,73;8,99;4451600;8,99
"POSI3.SA";2021-11-04;8,92;9,35;8,7;8,8;3131300;8,8
"POWE3.SA";2021-11-01;12,42;13,1;12,42;13,1;294000;13,1
"POWE3.SA";2021-11-03;12,91;13,69;12,91;13,35;290000;13,35
"POWE3.SA";2021-11-04;13,35;13,95;13,19;13,41;375800;13,41
"PPAR3.SA";2021-11-01;250,020004;250,020004;250,020004;250,020004;0;250,020004
"PPAR3.SA";2021-11-02;NA;NA;NA;NA;NA;NA
"PPAR3.SA";2021-11-03;250,020004;250,020004;250,020004;250,020004;0;250,020004
"PPAR3.SA";2021-11-04;250,020004;250,020004;250,020004;250,020004;0;250,020004
"PPLA11.SA";2021-11-01;6,2;6,2;5,76;6,1;257;6,1
"PPLA11.SA";2021-11-03;6,12;6,2;6,11;6,15;809;6,15
"PPLA11.SA";2021-11-04;6,15;6,38;6,1;6,2;2259;6,2
"PRIO3.SA";2021-11-01;24;24,280001;23,120001;23,4;17117200;23,4
"PRIO3.SA";2021-11-03;23,1;23,91;22,42;23,799999;23608400;23,799999
"PRIO3.SA";2021-11-04;23,799999;24,59;23,25;23,389999;23158600;23,389999
"PRNR3.SA";2021-11-01;6,98;7,25;6,98;7,02;68500;7,02
"PRNR3.SA";2021-11-03;7,2;7,5;7,07;7,5;69900;7,5
"PRNR3.SA";2021-11-04;7,43;7,53;7,13;7,28;84900;7,28
"PSSA3.SA";2021-11-01;23,27;23,66;22,93;23,4;1932100;23,4
"PSSA3.SA";2021-11-03;23,26;24,049999;23,120001;23,77;2775500;23,77
"PSSA3.SA";2021-11-04;23,889999;24,030001;23,43;23,6;1694400;23,6
"PTBL3.SA";2021-11-01;9,8;10,11;9,63;9,98;913000;9,98
"PTBL3.SA";2021-11-03;9,87;9,9;9,36;9,54;2132000;9,54
"PTBL3.SA";2021-11-04;9,54;9,8;9,3;9,39;1465300;9,39
"PTNT3.SA";2021-11-01;17,700001;17,700001;16,200001;16,77;6100;16,77
"PTNT3.SA";2021-11-03;16,9;17,99;16,9;17,41;12800;17,41
"PTNT3.SA";2021-11-04;17,889999;18,9;16,76;18,9;14100;18,9
"PTNT4.SA";2021-11-01;7,2;7,68;7;7,25;41000;7,25
"PTNT4.SA";2021-11-03;7,16;7,46;7,13;7,22;31500;7,22
"PTNT4.SA";2021-11-04;7,22;7,4;6,9;6,93;21600;6,93
"QUAL3.SA";2021-11-01;17,379999;17,379999;16,77;16,860001;2773500;16,860001
"QUAL3.SA";2021-11-03;16,719999;18,120001;16,639999;18;3093600;18
"QUAL3.SA";2021-11-04;17,75;18,219999;17,639999;17,91;1612000;17,91
"RADL3.SA";2021-11-01;23,77;24,02;23,280001;23,5;5363900;23,5
"RADL3.SA";2021-11-03;23,459999;24,450001;23,440001;23,85;8490300;23,85
"RADL3.SA";2021-11-04;23,76;24,52;23,690001;24,280001;4892400;24,280001
"RAIL3.SA";2021-11-01;16,23;16,700001;16,040001;16,559999;14151400;16,559999
"RAIL3.SA";2021-11-03;16,43;17,43;16,4;17,32;15062600;17,32
"RAIL3.SA";2021-11-04;17,33;17,57;17,01;17,23;13166900;17,23
"RAIZ4.SA";2021-11-01;6,75;6,86;6,73;6,79;5059700;6,79
"RAIZ4.SA";2021-11-03;6,77;7;6,7;6,9;5711600;6,9
"RAIZ4.SA";2021-11-04;6,9;6,97;6,61;6,75;8687600;6,75
"RANI3.SA";2021-11-01;6,51;6,6;6,31;6,49;2257000;6,49
"RANI3.SA";2021-11-03;6,45;6,8;6,38;6,66;3236300;6,66
"RANI3.SA";2021-11-04;6,58;6,72;6,25;6,35;2300200;6,35
"RAPT3.SA";2021-11-01;12,75;12,75;12,2;12,68;10600;12,68
"RAPT3.SA";2021-11-03;12,35;12,77;12,21;12,65;8100;12,65
"RAPT3.SA";2021-11-04;12,5;12,5;12,44;12,44;600;12,44
"RAPT4.SA";2021-11-01;10,27;10,63;10,18;10,53;1512000;10,53
"RAPT4.SA";2021-11-03;10,41;10,87;10,36;10,6;2946800;10,6
"RAPT4.SA";2021-11-04;10,54;10,67;10,16;10,27;3108100;10,27
"RCSL3.SA";2021-11-01;4,23;4,44;4,13;4,38;1563200;4,38
"RCSL3.SA";2021-11-03;4,36;4,46;4,26;4,44;2764800;4,44
"RCSL3.SA";2021-11-04;4,42;4,67;4,32;4,49;3203900;4,49
"RCSL4.SA";2021-11-01;1,44;1,47;1,44;1,45;1433100;1,45
"RCSL4.SA";2021-11-03;1,47;1,5;1,47;1,49;2047500;1,49
"RCSL4.SA";2021-11-04;1,49;1,53;1,49;1,51;1643500;1,51
"RDNI3.SA";2021-11-01;11,37;11,51;11,27;11,51;7400;11,51
"RDNI3.SA";2021-11-03;11,51;11,79;11,1;11,79;13400;11,79
"RDNI3.SA";2021-11-04;11,79;11,79;11,45;11,55;13000;11,55
"RDOR3.SA";2021-11-01;58,470001;59,52;58,25;58,990002;3149800;58,990002
"RDOR3.SA";2021-11-03;58,549999;62,700001;58,41;62,299999;2969900;62,299999
"RDOR3.SA";2021-11-04;61,619999;61,700001;57,200001;57,209999;5696600;57,209999
"RECV3.SA";2021-11-01;13,7;14,32;13,55;14,03;420500;14,03
"RECV3.SA";2021-11-03;13,95;14,19;13,42;14,19;476000;14,19
"RECV3.SA";2021-11-04;14,19;14,34;13,84;14,17;409400;14,17
"REDE3.SA";2021-11-01;6,6;6,6;6,52;6,53;400;6,53
"REDE3.SA";2021-11-03;6,54;6,59;6,53;6,58;400;6,58
"REDE3.SA";2021-11-04;6,51;6,58;6,5;6,58;2000;6,58
"RENT3.SA";2021-11-01;45,790001;46,310001;45,209999;45,580002;4756400;45,580002
"RENT3.SA";2021-11-03;45,48;48,959999;45,380001;48,299999;11871800;48,299999
"RENT3.SA";2021-11-04;48,549999;49,790001;47,57;48,259998;6588500;48,259998
"RNEW11.SA";2021-11-01;8,13;8,3;8,05;8,3;1200;8,3
"RNEW11.SA";2021-11-03;8,37;8,48;8,1;8,3;2800;8,3
"RNEW11.SA";2021-11-04;8,36;8,43;7,99;7,99;6300;7,99
"RNEW3.SA";2021-11-01;2,92;2,94;2,89;2,92;16300;2,92
"RNEW3.SA";2021-11-03;2,96;2,98;2,89;2,92;16400;2,92
"RNEW3.SA";2021-11-04;2,82;2,97;2,7;2,7;52600;2,7
"RNEW4.SA";2021-11-01;2,59;2,71;2,57;2,6;126100;2,6
"RNEW4.SA";2021-11-03;2,67;2,74;2,6;2,65;130300;2,65
"RNEW4.SA";2021-11-04;2,7;2,7;2,55;2,59;75700;2,59
"ROMI3.SA";2021-11-01;16,51;17,280001;16,389999;17,030001;456000;17,030001
"ROMI3.SA";2021-11-03;16,93;17,59;16,620001;16,91;766600;16,91
"ROMI3.SA";2021-11-04;16,889999;17,389999;16,26;16,540001;533600;16,540001
"RPAD3.SA";2021-11-01;6,46;6,46;6,46;6,46;0;6,46
"RPAD3.SA";2021-11-03;6,6;6,6;6,6;6,6;100;6,6
"RPAD3.SA";2021-11-04;6,69;6,98;6,69;6,74;300;6,74
"RPAD5.SA";2021-11-01;8,79;8,79;8,79;8,79;0;8,79
"RPAD5.SA";2021-11-03;8,79;8,79;8,79;8,79;0;8,79
"RPAD5.SA";2021-11-04;8,79;8,79;8,79;8,79;300;8,79
"RPAD6.SA";2021-11-01;5,25;5,25;5,25;5,25;0;5,25
"RPAD6.SA";2021-11-03;5,25;5,25;5,25;5,25;0;5,25
"RPAD6.SA";2021-11-04;5,5;5,5;5,5;5,5;100;5,5
"RPMG3.SA";2021-11-01;2,9;3,06;2,85;2,94;15800;2,94
"RPMG3.SA";2021-11-03;2,98;3,03;2,92;3;20700;3
"RPMG3.SA";2021-11-04;3;3,02;2,9;2,9;17400;2,9
"RRRP3.SA";2021-11-01;33,5;35,669998;33,220001;34,799999;3539900;34,799999
"RRRP3.SA";2021-11-03;34,110001;36,16;33,639999;35,560001;1934600;35,560001
"RRRP3.SA";2021-11-04;35,650002;36,34;34,43;34,549999;3335200;34,549999
"RSID3.SA";2021-11-01;8,24;8,43;8,22;8,41;19400;8,41
"RSID3.SA";2021-11-03;8,24;8,82;8,16;8,81;107500;8,81
"RSID3.SA";2021-11-04;8,79;9,1;8,35;8,57;152400;8,57
"RSUL3.SA";2021-11-01;0,1;0,1;0,1;0,1;0;0,1
"RSUL3.SA";2021-11-03;0,1;0,1;0,1;0,1;0;0,1
"RSUL3.SA";2021-11-04;0,1;0,1;0,1;0,1;0;0,1
"RSUL4.SA";2021-11-01;75,510002;80;74,019997;78,989998;1800;78,989998
"RSUL4.SA";2021-11-03;75,010002;78,959999;75,010002;78,389999;2200;78,389999
"RSUL4.SA";2021-11-04;78,389999;78,389999;78,389999;78,389999;0;78,389999
"SANB11.SA";2021-11-01;35,099998;36,470001;34,830002;35,959999;2296100;35,128933
"SANB11.SA";2021-11-03;36,09;36,970001;35,73;36,299999;2786000;35,461075
"SANB11.SA";2021-11-04;36,41;36,59;34,720001;34,799999;2234700;33,995743
"SANB3.SA";2021-11-01;16,469999;17,18;16,459999;16,950001;28700;16,554176
"SANB3.SA";2021-11-03;17,110001;17,43;16,950001;17,280001;23800;16,876471
"SANB3.SA";2021-11-04;17,049999;17,200001;16,059999;16,4;88300;16,017019
"SANB4.SA";2021-11-01;18,6;19,299999;18,450001;18,950001;48200;18,520796
"SANB4.SA";2021-11-03;19,049999;19,530001;18,799999;19,34;46500;18,901962
"SANB4.SA";2021-11-04;19,450001;19,450001;18,530001;18,6;126300;18,178722
"SAPR11.SA";2021-11-01;18,440001;18,809999;18,299999;18,700001;1005800;18,700001
"SAPR11.SA";2021-11-03;18,66;19,559999;18,58;19,309999;1721300;19,309999
"SAPR11.SA";2021-11-04;19,309999;19,370001;18,549999;18,610001;1605400;18,610001
"SAPR3.SA";2021-11-01;3,63;3,7;3,59;3,67;463400;3,67
"SAPR3.SA";2021-11-03;3,67;3,84;3,66;3,81;751900;3,81
"SAPR3.SA";2021-11-04;3,82;3,83;3,69;3,7;528900;3,7
"SAPR4.SA";2021-11-01;3,77;3,81;3,71;3,79;4440100;3,79
"SAPR4.SA";2021-11-03;3,77;3,94;3,76;3,86;7179600;3,86
"SAPR4.SA";2021-11-04;3,86;3,88;3,75;3,76;5934800;3,76
"SBFG3.SA";2021-11-01;21,110001;22,84;21,01;22,5;2083000;22,5
"SBFG3.SA";2021-11-03;22,23;23,940001;22,02;23,68;1146900;23,68
"SBFG3.SA";2021-11-04;23,610001;24,139999;22,459999;23,07;1063000;23,07
"SBSP3.SA";2021-11-01;35,619999;36,189999;35,279999;35,73;1550600;35,73
"SBSP3.SA";2021-11-03;35,330002;36,860001;35,32;36,599998;2723700;36,599998
"SBSP3.SA";2021-11-04;36,490002;36,630001;35,41;35,799999;1915100;35,799999
"SCAR3.SA";2021-11-01;36,41;38,98;36,41;38,880001;6300;38,880001
"SCAR3.SA";2021-11-03;38,139999;38,5;37,610001;38,290001;9100;38,290001
"SCAR3.SA";2021-11-04;38,290001;38,290001;37,189999;37,189999;7700;37,189999
"SEER3.SA";2021-11-01;10,55;10,98;10,49;10,93;745400;10,93
"SEER3.SA";2021-11-03;10,93;11,47;10,71;11,12;945900;11,12
"SEER3.SA";2021-11-04;11,14;11,32;10,72;10,91;987500;10,91
"SEQL3.SA";2021-11-01;13,05;13,59;12,9;13,1;1145700;13,1
"SEQL3.SA";2021-11-03;13,02;14,04;12,93;13,5;1942900;13,5
"SEQL3.SA";2021-11-04;13,63;14,02;13,21;13,54;1983000;13,54
"SGPS3.SA";2021-11-01;6,9;7,19;6,81;6,99;43900;6,99
"SGPS3.SA";2021-11-03;6,99;7,54;6,85;7,25;87000;7,25
"SGPS3.SA";2021-11-04;7,24;7,73;7,1;7,15;54700;7,15
"SHOW3.SA";2021-11-01;4,1;4,15;3,91;3,97;784000;3,97
"SHOW3.SA";2021-11-03;3,95;4,24;3,86;4,11;874700;4,11
"SHOW3.SA";2021-11-04;4,1;4,2;3,93;3,94;496400;3,94
"SHUL3.SA";2021-11-01;112,010002;112,010002;112,010002;112,010002;0;112,010002
"SHUL3.SA";2021-11-03;112,010002;112,010002;112,010002;112,010002;0;112,010002
"SHUL3.SA";2021-11-04;112,010002;112,010002;112,010002;112,010002;0;112,010002
"SHUL4.SA";2021-11-01;8,25;8,52;8,2;8,35;344200;8,35
"SHUL4.SA";2021-11-03;8,25;8,93;8,21;8,81;313600;8,81
"SHUL4.SA";2021-11-04;8,81;8,92;8,48;8,5;317500;8,5
"SIMH3.SA";2021-11-01;10,5;10,85;10,45;10,5;3686600;10,5
"SIMH3.SA";2021-11-03;10,33;11,39;10,3;11,25;3703200;11,25
"SIMH3.SA";2021-11-04;11,21;11,92;10,95;11,17;3906700;11,17
"SLCE3.SA";2021-11-01;44,27;44,560001;42,419998;43,080002;1125300;43,080002
"SLCE3.SA";2021-11-03;42,82;45,09;42,639999;44,580002;1503600;44,580002
"SLCE3.SA";2021-11-04;44,700001;45,549999;43,810001;44,759998;899500;44,759998
"SLED3.SA";2021-11-01;0,56;0,58;0,56;0,58;30100;0,58
"SLED3.SA";2021-11-03;0,59;0,6;0,56;0,58;164900;0,58
"SLED3.SA";2021-11-04;0,57;0,58;0,56;0,57;42700;0,57
"SLED4.SA";2021-11-01;0,29;0,3;0,28;0,29;173500;0,29
"SLED4.SA";2021-11-03;0,29;0,31;0,29;0,3;629300;0,3
"SLED4.SA";2021-11-04;0,3;0,31;0,29;0,3;352300;0,3
"SMFT3.SA";2021-11-01;20,5;21,15;20,370001;20,809999;641100;20,809999
"SMFT3.SA";2021-11-03;20,530001;21,540001;20,530001;21,01;1659100;21,01
"SMFT3.SA";2021-11-04;21,15;21,35;20,59;20,98;653600;20,98
"SMTO3.SA";2021-11-01;39,139999;40,169998;38,27;39,5;2173500;39,5
"SMTO3.SA";2021-11-03;39,509998;40,540001;38,810001;39,099998;2190000;39,099998
"SMTO3.SA";2021-11-04;38,990002;39,950001;38,990002;39,68;1098000;39,68
"SNSY3.SA";2021-11-01;11,99;11,99;11,99;11,99;100;11,99
"SNSY3.SA";2021-11-03;11,99;11,99;11,99;11,99;0;11,99
"SNSY3.SA";2021-11-04;11,99;11,99;11,99;11,99;0;11,99
"SNSY5.SA";2021-11-01;4,83;4,98;4,83;4,98;1000;4,98
"SNSY5.SA";2021-11-03;4,92;5,07;4,92;5,07;1400;5,07
"SNSY5.SA";2021-11-04;5,2;5,2;4,91;4,98;1500;4,98
"SNSY6.SA";2021-11-01;11,51;11,51;11,51;11,51;0;11,51
"SNSY6.SA";2021-11-03;11,51;11,51;11,51;11,51;0;11,51
"SNSY6.SA";2021-11-04;11,51;11,51;11,51;11,51;0;11,51
"SOJA3.SA";2021-11-01;13,89;14,07;13,72;13,9;1203000;13,9
"SOJA3.SA";2021-11-03;13,89;14,51;13,81;14,5;122200;14,5
"SOJA3.SA";2021-11-04;14,5;14,59;14,17;14,22;207100;14,22
"SOMA3.SA";2021-11-01;12,89;13,72;12,85;13,59;7930900;13,59
"SOMA3.SA";2021-11-03;13,43;15,31;13,34;14,8;13134700;14,8
"SOMA3.SA";2021-11-04;14,7;15,41;14,6;14,83;9516900;14,83
"SOND3.SA";2021-11-01;40,200001;40,200001;40,200001;40,200001;0;40,200001
"SOND3.SA";2021-11-03;40,200001;40,200001;40,200001;40,200001;0;40,200001
"SOND3.SA";2021-11-04;40,200001;40,200001;40,200001;40,200001;0;40,200001
"SOND5.SA";2021-11-01;34,529999;34,529999;34,529999;34,529999;100;34,529999
"SOND5.SA";2021-11-03;34,529999;34,529999;34,529999;34,529999;0;34,529999
"SOND5.SA";2021-11-04;34,529999;34,529999;34,529999;34,529999;0;34,529999
"SOND6.SA";2021-11-01;35,509998;35,509998;35,509998;35,509998;0;35,509998
"SOND6.SA";2021-11-03;35,509998;35,509998;35,509998;35,509998;0;35,509998
"SOND6.SA";2021-11-04;35,509998;35,509998;35,509998;35,509998;0;35,509998
"SQIA3.SA";2021-11-01;17,35;17,65;17,049999;17,190001;683500;17,190001
"SQIA3.SA";2021-11-03;17,09;17,709999;16,780001;17,34;1258100;17,34
"SQIA3.SA";2021-11-04;17,200001;17,99;17,07;17,389999;854200;17,389999
"STBP3.SA";2021-11-01;5,4;5,88;5,35;5,71;12749600;5,71
"STBP3.SA";2021-11-03;5,64;5,95;5,48;5,79;11107300;5,79
"STBP3.SA";2021-11-04;5,79;5,9;5,48;5,57;8377200;5,57
"SULA11.SA";2021-11-01;26,16;26,35;25,74;25,959999;2967100;25,959999
"SULA11.SA";2021-11-03;25,82;27,559999;25,809999;27,48;5179200;27,48
"SULA11.SA";2021-11-04;27,48;28,08;27,030001;27,52;4597100;27,52
"SULA3.SA";2021-11-01;8,99;9,13;8,76;8,9;6500;8,9
"SULA3.SA";2021-11-03;8,73;9,49;8,73;9,39;31900;9,39
"SULA3.SA";2021-11-04;9,39;9,79;9,39;9,5;9300;9,5
"SULA4.SA";2021-11-01;8,5;8,63;8,43;8,6;22800;8,6
"SULA4.SA";2021-11-03;8,6;9,15;8,49;9,03;52900;9,03
"SULA4.SA";2021-11-04;8,96;9,18;8,8;8,99;22300;8,99
"SUZB3.SA";2021-11-01;49,77;49,77;47,900002;48,91;6362700;48,91
"SUZB3.SA";2021-11-03;49,189999;49,990002;48,919998;49,77;6800600;49,77
"SUZB3.SA";2021-11-04;49,77;50,419998;48,650002;49,299999;5394100;49,299999
"TAEE11.SA";2021-11-01;37;37,259998;36,779999;36,799999;2175900;36,799999
"TAEE11.SA";2021-11-03;36,720001;37,970001;36,700001;37,540001;3550300;37,540001
"TAEE11.SA";2021-11-04;37,549999;37,77;36,950001;36,950001;2812600;36,950001
"TAEE3.SA";2021-11-01;12,44;12,5;12,35;12,38;52300;12,38
"TAEE3.SA";2021-11-03;12,38;12,73;12,31;12,72;103100;12,72
"TAEE3.SA";2021-11-04;12,72;12,9;12,42;12,52;66400;12,52
"TAEE4.SA";2021-11-01;12,22;12,4;12,13;12,26;121000;12,26
"TAEE4.SA";2021-11-03;12,3;12,62;12,22;12,53;173900;12,53
"TAEE4.SA";2021-11-04;12,57;12,58;12,25;12,25;160500;12,25
"TASA3.SA";2021-11-01;21,5;22,01;21,25;21,48;25500;21,48
"TASA3.SA";2021-11-03;21,370001;22,639999;21,290001;22,309999;32800;22,309999
"TASA3.SA";2021-11-04;22,309999;22,84;22;22,209999;24900;22,209999
"TASA4.SA";2021-11-01;20,65;21,24;20,33;20,549999;987500;20,549999
"TASA4.SA";2021-11-03;20,610001;21,809999;20,290001;21,700001;1003500;21,700001
"TASA4.SA";2021-11-04;21,719999;22,360001;21,24;21,73;786400;21,73
"TCNO3.SA";2021-11-01;2,82;2,9;2,71;2,74;15000;2,74
"TCNO3.SA";2021-11-03;2,71;2,77;2,7;2,73;7800;2,73
"TCNO3.SA";2021-11-04;2,74;2,81;2,7;2,7;12500;2,7
"TCNO4.SA";2021-11-01;2,14;2,18;2;2,07;62100;2,07
"TCNO4.SA";2021-11-03;2,07;2,1;2,05;2,07;31300;2,07
"TCNO4.SA";2021-11-04;2,06;2,09;2;2;32800;2
"TCSA3.SA";2021-11-01;3,67;3,92;3,66;3,8;869400;3,8
"TCSA3.SA";2021-11-03;3,8;4,34;3,79;4,28;2690800;4,28
"TCSA3.SA";2021-11-04;4,28;4,28;3,85;3,85;1782500;3,85
"TECN3.SA";2021-11-01;2,97;3,07;2,87;2,91;4953800;2,91
"TECN3.SA";2021-11-03;2,9;3,09;2,86;2,97;3424900;2,97
"TECN3.SA";2021-11-04;2,96;3,03;2,8;2,81;1719500;2,81
"TEKA3.SA";2021-11-01;26,1;26,1;26,1;26,1;0;26,1
"TEKA3.SA";2021-11-03;26,1;26,1;26,1;26,1;0;26,1
"TEKA3.SA";2021-11-04;26,1;26,1;26,1;26,1;0;26,1
"TEKA4.SA";2021-11-01;10;10;8,89;9;10500;9
"TEKA4.SA";2021-11-03;9;9,39;8,89;9,39;5100;9,39
"TEKA4.SA";2021-11-04;9,3;9,3;9,3;9,3;600;9,3
"TELB3.SA";2021-11-01;47;47;47;47;700;47
"TELB3.SA";2021-11-03;47;47,259998;47;47,259998;300;47,259998
"TELB3.SA";2021-11-04;47,009998;47,009998;47,009998;47,009998;100;47,009998
"TELB4.SA";2021-11-01;19,809999;19,809999;18,51;18,709999;1700;18,709999
"TELB4.SA";2021-11-03;19,49;19,49;19;19,24;2200;19,24
"TELB4.SA";2021-11-04;19,24;19,450001;19;19,01;2700;19,01
"TEND3.SA";2021-11-01;17,23;18,5;16,959999;18,5;2512500;18,5
"TEND3.SA";2021-11-03;18,379999;18,98;17,719999;18,83;2081900;18,83
"TEND3.SA";2021-11-04;18,799999;19,120001;18,1;18,290001;1585500;18,290001
"TFCO4.SA";2021-11-01;11,33;12,02;11,33;11,5;234700;11,5
"TFCO4.SA";2021-11-03;11,51;11,73;11,35;11,66;48700;11,66
"TFCO4.SA";2021-11-04;11,64;11,95;11,37;11,95;102000;11,95
"TGMA3.SA";2021-11-01;15,47;15,66;15,1;15,21;732600;15,21
"TGMA3.SA";2021-11-03;15,12;15,69;14,95;15,17;856900;15,17
"TGMA3.SA";2021-11-04;15,18;15,27;14,75;15,14;626800;15,14
"TIMS3.SA";2021-11-01;11,41;11,58;11,23;11,46;5230700;11,46
"TIMS3.SA";2021-11-03;11,44;12,53;11,43;12,42;17828100;12,42
"TIMS3.SA";2021-11-04;12,49;12,51;12,25;12,35;8718800;12,35
"TKNO3.SA";2021-11-01;83,212837;83,212837;83,212837;83,212837;0;83,212837
"TKNO3.SA";2021-11-02;NA;NA;NA;NA;NA;NA
"TKNO3.SA";2021-11-03;83,212837;83,212837;83,212837;83,212837;0;83,212837
"TKNO3.SA";2021-11-04;83,212837;83,212837;83,212837;83,212837;0;83,212837
"TKNO4.SA";2021-11-01;62,25;62,25;62,25;62,25;0;62,25
"TKNO4.SA";2021-11-03;62,25;62,25;62,25;62,25;0;62,25
"TKNO4.SA";2021-11-04;62,25;62,25;62,25;62,25;0;62,25
"TOTS3.SA";2021-11-01;33,16;34,09;33;33,099998;4433400;33,099998
"TOTS3.SA";2021-11-03;32,91;34,830002;32,759998;34,32;5473700;34,32
"TOTS3.SA";2021-11-04;33,990002;35,200001;33,849998;34,450001;3870000;34,450001
"TPIS3.SA";2021-11-01;2,12;2,21;2,06;2,11;2510600;2,11
"TPIS3.SA";2021-11-03;2,08;2,29;2,07;2,25;3922700;2,25
"TPIS3.SA";2021-11-04;2,2;2,25;2,07;2,1;2476400;2,1
"TRAD3.SA";2021-11-01;5,96;6,3;5,75;6,3;5761700;6,3
"TRAD3.SA";2021-11-03;6,2;6,71;6,14;6,58;5302400;6,58
"TRAD3.SA";2021-11-04;6,52;6,79;5,92;5,95;5143800;5,95
"TRIS3.SA";2021-11-01;5,91;6,07;5,8;5,96;1218800;5,96
"TRIS3.SA";2021-11-03;5,94;6,31;5,94;6,26;1417500;6,26
"TRIS3.SA";2021-11-04;6,24;6,4;6,02;6,1;1123700;6,1
"TRPL3.SA";2021-11-01;32,5;32,5;31,790001;31,790001;2200;30,525829
"TRPL3.SA";2021-11-03;32,68;32,950001;32,200001;32,950001;1100;31,6397
"TRPL3.SA";2021-11-04;31;32,950001;30,940001;30,940001;2600;30,940001
"TRPL4.SA";2021-11-01;24,67;25,200001;24,530001;24,870001;2096000;23,561277
"TRPL4.SA";2021-11-03;25,02;25,18;24,620001;24,9;3303200;23,589699
"TRPL4.SA";2021-11-04;23,74;23,74;23,09;23,200001;2488500;23,200001
"TTEN3.SA";2021-11-01;9,17;9,17;8,4;9;1183500;9
"TTEN3.SA";2021-11-03;8,82;9,57;8,71;9,3;1113300;9,3
"TTEN3.SA";2021-11-04;9,33;9,53;9,05;9,53;776400;9,53
"TUPY3.SA";2021-11-01;21,1;21,32;20,6;21,17;982800;21,17
"TUPY3.SA";2021-11-03;21,040001;22,08;20,91;21,77;933200;21,77
"TUPY3.SA";2021-11-04;21,700001;22,190001;21,41;21,43;838200;21,43
"UCAS3.SA";2021-11-01;3,96;4,2;3,95;4,18;53000;4,18
"UCAS3.SA";2021-11-03;4,15;4,3;4;4,09;62700;4,09
"UCAS3.SA";2021-11-04;4,12;4,23;4;4,23;33500;4,23
"UGPA3.SA";2021-11-01;13,35;13,35;12,77;13,02;6517700;13,02
"UGPA3.SA";2021-11-03;13,02;13,66;12,83;13,47;7483500;13,47
"UGPA3.SA";2021-11-04;13,28;13,31;12,14;12,38;18307800;12,38
"UNIP3.SA";2021-11-01;79,129997;82,809998;78,110001;80,980003;27300;80,980003
"UNIP3.SA";2021-11-03;79,040001;79,849998;75,470001;79,440002;44500;79,440002
"UNIP3.SA";2021-11-04;79,660004;79,690002;77,120003;78;23200;78
"UNIP5.SA";2021-11-01;75,010002;76;75,010002;76;300;76
"UNIP5.SA";2021-11-03;75,010002;75,010002;74;74;300;74
"UNIP5.SA";2021-11-04;74;74;74;74;0;74
"UNIP6.SA";2021-11-01;74,68;77,099998;73,860001;75,830002;371200;75,830002
"UNIP6.SA";2021-11-03;74,599998;77,720001;72,510002;74,800003;648000;74,800003
"UNIP6.SA";2021-11-04;74,739998;75,489998;72,849998;73,470001;315700;73,470001
"USIM3.SA";2021-11-01;12,98;13,08;12,57;12,74;518600;12,74
"USIM3.SA";2021-11-03;12,74;12,74;12,16;12,32;631800;12,32
"USIM3.SA";2021-11-04;12,26;12,44;11,98;12,22;394500;12,22
"USIM6.SA";2021-11-01;18,99;18,99;18,99;18,99;0;18,99
"USIM6.SA";2021-11-03;18,99;18,99;18,99;18,99;0;18,99
"USIM6.SA";2021-11-04;18,99;18,99;18,99;18,99;0;18,99
"VALE3.SA";2021-11-01;72;72,860001;71,150002;72,32;19649600;72,32
"VALE3.SA";2021-11-03;70,599998;70,900002;66,610001;66,830002;77316900;66,830002
"VALE3.SA";2021-11-04;66,889999;67,620003;65,620003;66,07;30122100;66,07
"VAMO3.SA";2021-11-01;10,98;11,69;10,72;11,27;8427300;11,27
"VAMO3.SA";2021-11-03;11,5;12,26;11,37;12,08;5939200;12,08
"VAMO3.SA";2021-11-04;12,01;13,37;11,94;12,33;7744700;12,33
"VBBR3.SA";2021-11-01;21,25;22,1;21,25;21,76;10581800;21,76
"VBBR3.SA";2021-11-03;21,43;23,129999;21,309999;22,860001;14189600;22,860001
"VBBR3.SA";2021-11-04;22,860001;22,93;21,799999;22,01;11312000;22,01
"VIIA3.SA";2021-11-01;6,28;6,69;6,25;6,65;37646600;6,65
"VIIA3.SA";2021-11-03;6,64;6,99;6,49;6,9;43319000;6,9
"VIIA3.SA";2021-11-04;6,79;7,02;6,54;6,58;35991000;6,58
"VIVA3.SA";2021-11-01;26,02;26,870001;26,02;26,379999;1313700;26,379999
"VIVA3.SA";2021-11-03;26,379999;27,790001;26,360001;27,48;1013100;27,48
"VIVA3.SA";2021-11-04;27,5;28,290001;26,84;27,200001;728800;27,200001
"VIVR3.SA";2021-11-01;1,94;2,05;1,9;2,02;11059000;2,02
"VIVR3.SA";2021-11-03;1,98;2,23;1,97;2,13;29651700;2,13
"VIVR3.SA";2021-11-04;2,08;2,18;1,99;2;12980900;2
"VIVT3.SA";2021-11-01;46;46,860001;45,580002;46,560001;3571300;46,560001
"VIVT3.SA";2021-11-03;46,549999;49,689999;46,48;49,639999;5080000;49,639999
"VIVT3.SA";2021-11-04;49,639999;50,25;49;49,68;3486600;49,68
"VLID3.SA";2021-11-01;7,22;7,34;7,15;7,27;443300;7,27
"VLID3.SA";2021-11-03;7,27;7,7;7,22;7,41;516300;7,41
"VLID3.SA";2021-11-04;7,4;7,43;7,12;7,18;662900;7,18
"VSPT3.SA";2021-11-01;1,5;1,5;1,5;1,5;0;1,5
"VSPT3.SA";2021-11-02;NA;NA;NA;NA;NA;NA
"VSPT3.SA";2021-11-03;1,5;1,5;1,5;1,5;0;1,5
"VSPT3.SA";2021-11-04;1,5;1,5;1,5;1,5;0;1,5
"VULC3.SA";2021-11-01;8,71;9,17;8,63;9,02;891300;8,68163
"VULC3.SA";2021-11-03;8,95;9,42;8,94;9,33;959300;8,98
"VULC3.SA";2021-11-04;8,94;9;8,58;8,58;572100;8,58
"WEGE3.SA";2021-11-01;37,509998;37,68;36,599998;36,959999;5526100;36,959999
"WEGE3.SA";2021-11-03;36,709999;38,040001;36,450001;37,68;9360300;37,68
"WEGE3.SA";2021-11-04;37,68;37,900002;36,919998;37,720001;5138400;37,720001
"WEST3.SA";2021-11-01;3,46;3,69;3,41;3,6;634900;3,6
"WEST3.SA";2021-11-03;3,52;3,9;3,52;3,6;1833100;3,6
"WEST3.SA";2021-11-04;3,55;3,9;3,55;3,72;1096600;3,72
"WHRL3.SA";2021-11-01;6,61;6,72;6,6;6,72;14500;6,72
"WHRL3.SA";2021-11-03;6,7;6,72;6,5;6,5;24700;6,5
"WHRL3.SA";2021-11-04;6,5;6,61;6,47;6,54;5200;6,54
"WHRL4.SA";2021-11-01;8,4;8,4;8,25;8,28;33100;8,28
"WHRL4.SA";2021-11-03;8,3;8,6;8,06;8,06;35500;8,06
"WHRL4.SA";2021-11-04;8,02;8,37;7,99;8,37;12800;8,37
"WIZS3.SA";2021-11-01;9,8;10,35;9,78;10,13;2073900;10,13
"WIZS3.SA";2021-11-03;10,1;10,27;9,75;10,03;3064800;10,03
"WIZS3.SA";2021-11-04;10,03;10,43;9,69;9,82;2333400;9,82
"WLMM3.SA";2021-11-01;33,509998;33,509998;33,310001;33,310001;1400;33,310001
"WLMM3.SA";2021-11-03;33,25;33,25;32,73;32,73;500;32,73
"WLMM3.SA";2021-11-04;32,73;32,73;32,73;32,73;0;32,73
"WLMM4.SA";2021-11-01;38,950001;38,950001;36,150002;36,73;2900;36,73
"WLMM4.SA";2021-11-03;36,200001;36,709999;34,990002;34,990002;3000;34,990002
"WLMM4.SA";2021-11-04;36;36;36;36;100;36
"YDUQ3.SA";2021-11-01;21,040001;22,030001;21,040001;21,190001;2123200;21,190001
"YDUQ3.SA";2021-11-03;21;23,15;20,959999;22,639999;3249700;22,639999
"YDUQ3.SA";2021-11-04;22,57;22,99;21,700001;21,99;2065100;21,99
